aout,avril,code_contrat,code_produit,dec,fev,janv,juillet,juin,mai,mars,nov,oct,sept,societe,typeContrat
0,0,101001010,50,0,0,0,0,0,0,0,0,0,0,ORANGECI,Retraite complementaire ORANGE
0,0,101001620,50,0,0,0,0,0,0,0,0,0,0,ORANGECI,Retraite complementaire ORANGE
0,0,101002928,50,0,161750,161750,0,0,0,161750,0,0,0,ORANGECI,Retraite complementaire ORANGE
0,0,101000828,50,0,0,0,0,0,0,0,0,0,0,ORANGECI,Retraite complementaire ORANGE
0,0,101001353,50,0,0,0,0,0,0,0,0,0,0,ORANGECI,Retraite complementaire ORANGE
0,0,101001119,50,0,0,0,0,0,0,0,0,0,0,ORANGECI,Retraite complementaire ORANGE
0,0,101001128,50,0,62822,62822,0,0,0,62822,0,0,0,ORANGECI,Retraite complementaire ORANGE
0,0,101001902,50,0,0,0,0,0,0,0,0,0,0,ORANGECI,Retraite complementaire ORANGE
0,0,101000668,50,0,96094,96094,0,0,0,96094,0,0,0,ORANGECI,Retraite complementaire ORANGE
0,0,101000665,50,0,0,0,0,0,0,0,0,0,0,ORANGECI,Retraite complementaire ORANGE
0,0,101001647,50,0,133988,133988,0,0,0,133988,0,0,0,ORANGECI,Retraite complementaire ORANGE
0,0,101000881,50,0,0,0,0,0,0,0,0,0,0,ORANGECI,Retraite complementaire ORANGE
0,0,101002320,50,0,0,0,0,0,0,0,0,0,0,ORANGECI,Retraite complementaire ORANGE
0,0,101000880,50,0,0,0,0,0,0,0,0,0,0,ORANGECI,Retraite complementaire ORANGE
0,0,101001990,50,0,0,0,0,0,0,0,0,0,0,ORANGECI,Retraite complementaire ORANGE
0,0,101003170,50,0,95322,95322,0,0,0,95322,0,0,0,ORANGECI,Retraite complementaire ORANGE
0,0,101002830,50,0,242186,242186,0,0,0,242186,0,0,0,ORANGECI,Retraite complementaire ORANGE
0,0,101003108,50,0,0,0,0,0,0,0,0,0,0,ORANGECI,Retraite complementaire ORANGE
0,0,101000781,50,0,0,0,0,0,0,0,0,0,0,ORANGECI,Retraite complementaire ORANGE
0,0,101003449,50,0,62418,62418,0,0,0,62418,0,0,0,ORANGECI,Retraite complementaire ORANGE
0,0,101002302,50,0,0,0,0,0,0,0,0,0,0,ORANGECI,Retraite complementaire ORANGE
0,0,101002938,50,0,60852,60852,0,0,0,60852,0,0,0,ORANGECI,Retraite complementaire ORANGE
0,0,101003121,50,0,45822,45822,0,0,0,45822,0,0,0,ORANGECI,Retraite complementaire ORANGE
0,0,101003010,50,0,180000,180000,0,0,0,180000,0,0,0,ORANGECI,Retraite complementaire ORANGE
0,0,101003434,50,0,54158,54158,0,0,0,54158,0,0,0,ORANGECI,Retraite complementaire ORANGE
0,0,101002208,50,0,55590,55590,0,0,0,55590,0,0,0,ORANGECI,Retraite complementaire ORANGE
0,0,101002813,50,0,0,0,0,0,0,0,0,0,0,ORANGECI,Retraite complementaire ORANGE
0,0,101003160,50,0,72086,72086,0,0,0,72086,0,0,0,ORANGECI,Retraite complementaire ORANGE
0,0,101003176,50,0,77398,77398,0,0,0,77398,0,0,0,ORANGECI,Retraite complementaire ORANGE
0,0,101003154,50,0,84018,84018,0,0,0,84018,0,0,0,ORANGECI,Retraite complementaire ORANGE
0,0,101000094,50,0,0,0,0,0,0,0,0,0,0,ORANGECI,Retraite complementaire ORANGE
0,0,101000705,50,0,49230,49230,0,0,0,49230,0,0,0,ORANGECI,Retraite complementaire ORANGE
0,0,101001800,50,0,0,0,0,0,0,0,0,0,0,ORANGECI,Retraite complementaire ORANGE
0,0,101003044,50,0,125286,125286,0,0,0,125286,0,0,0,ORANGECI,Retraite complementaire ORANGE
0,0,101003220,50,0,78220,78220,0,0,0,78220,0,0,0,ORANGECI,Retraite complementaire ORANGE
0,0,101003156,50,0,53772,53772,0,0,0,53772,0,0,0,ORANGECI,Retraite complementaire ORANGE
0,0,101003096,50,0,72356,72356,0,0,0,72356,0,0,0,ORANGECI,Retraite complementaire ORANGE
0,0,101002923,50,0,113240,113240,0,0,0,113240,0,0,0,ORANGECI,Retraite complementaire ORANGE
0,0,101000742,50,0,0,0,0,0,0,0,0,0,0,ORANGECI,Retraite complementaire ORANGE
0,0,101002879,50,0,63052,63052,0,0,0,63052,0,0,0,ORANGECI,Retraite complementaire ORANGE
0,0,101003172,50,0,138488,138488,0,0,0,138488,0,0,0,ORANGECI,Retraite complementaire ORANGE
0,0,101002204,50,0,116434,116434,0,0,0,116434,0,0,0,ORANGECI,Retraite complementaire ORANGE
0,0,101001850,50,0,0,0,0,0,0,0,0,0,0,ORANGECI,Retraite complementaire ORANGE
0,0,101000709,50,0,0,0,0,0,0,0,0,0,0,ORANGECI,Retraite complementaire ORANGE
0,0,101003261,50,0,97840,97840,0,0,0,97840,0,0,0,ORANGECI,Retraite complementaire ORANGE
0,0,101000867,50,0,0,0,0,0,0,0,0,0,0,ORANGECI,Retraite complementaire ORANGE
0,0,101003314,50,0,79380,79380,0,0,0,79380,0,0,0,ORANGECI,Retraite complementaire ORANGE
0,0,101003152,50,0,80634,80634,0,0,0,80634,0,0,0,ORANGECI,Retraite complementaire ORANGE
0,0,101003383,50,0,62456,62456,0,0,0,62456,0,0,0,ORANGECI,Retraite complementaire ORANGE
0,0,101003095,50,0,36170,36170,0,0,0,36170,0,0,0,ORANGECI,Retraite complementaire ORANGE
0,0,101003023,50,0,61042,61042,0,0,0,61042,0,0,0,ORANGECI,Retraite complementaire ORANGE
0,0,101000316,50,0,0,0,0,0,0,0,0,0,0,ORANGECI,Retraite complementaire ORANGE
0,0,101000340,50,0,0,0,0,0,0,0,0,0,0,ORANGECI,Retraite complementaire ORANGE
0,0,101000203,50,0,0,0,0,0,0,0,0,0,0,ORANGECI,Retraite complementaire ORANGE
0,0,101001881,50,0,0,0,0,0,0,0,0,0,0,ORANGECI,Retraite complementaire ORANGE
0,0,101002970,50,0,111682,111682,0,0,0,111682,0,0,0,ORANGECI,Retraite complementaire ORANGE
0,0,101003126,50,0,92734,92734,0,0,0,92734,0,0,0,ORANGECI,Retraite complementaire ORANGE
0,0,101000435,50,0,0,0,0,0,0,0,0,0,0,ORANGECI,Retraite complementaire ORANGE
0,0,101003257,50,0,560000,560000,0,0,0,560000,0,0,0,ORANGECI,Retraite complementaire ORANGE
0,0,101003063,50,0,107322,107322,0,0,0,107322,0,0,0,ORANGECI,Retraite complementaire ORANGE
0,0,101003253,50,0,70632,70632,0,0,0,70632,0,0,0,ORANGECI,Retraite complementaire ORANGE
0,0,101001444,50,0,107636,107636,0,0,0,107636,0,0,0,ORANGECI,Retraite complementaire ORANGE
0,0,101003192,50,0,79578,79578,0,0,0,79578,0,0,0,ORANGECI,Retraite complementaire ORANGE
0,0,101003612,50,0,104074,104074,0,0,0,104074,0,0,0,ORANGECI,Retraite complementaire ORANGE
0,0,101002854,50,0,139504,139504,0,0,0,139504,0,0,0,ORANGECI,Retraite complementaire ORANGE
0,0,101002792,50,0,126146,126146,0,0,0,126146,0,0,0,ORANGECI,Retraite complementaire ORANGE
0,0,101000798,50,0,0,0,0,0,0,0,0,0,0,ORANGECI,Retraite complementaire ORANGE
0,0,101000555,50,0,0,0,0,0,0,0,0,0,0,ORANGECI,Retraite complementaire ORANGE
0,0,101000663,50,0,0,0,0,0,0,0,0,0,0,ORANGECI,Retraite complementaire ORANGE
0,0,101002876,50,0,140000,140000,0,0,0,140000,0,0,0,ORANGECI,Retraite complementaire ORANGE
0,0,101000151,50,0,0,0,0,0,0,0,0,0,0,ORANGECI,Retraite complementaire ORANGE
0,0,101003210,50,0,89124,89124,0,0,0,89124,0,0,0,ORANGECI,Retraite complementaire ORANGE
0,0,101003266,50,0,194996,194996,0,0,0,194996,0,0,0,ORANGECI,Retraite complementaire ORANGE
0,0,101003750,50,0,78310,78310,0,0,0,78310,0,0,0,ORANGECI,Retraite complementaire ORANGE
0,0,101003196,50,0,78754,78754,0,0,0,78754,0,0,0,ORANGECI,Retraite complementaire ORANGE
0,0,101003248,50,0,151996,151996,0,0,0,151996,0,0,0,ORANGECI,Retraite complementaire ORANGE
0,0,101003517,50,0,266572,266572,0,0,0,266572,0,0,0,ORANGECI,Retraite complementaire ORANGE
0,0,101001586,50,0,0,0,0,0,0,0,0,0,0,ORANGECI,Retraite complementaire ORANGE
0,0,101001341,50,0,0,0,0,0,0,0,0,0,0,ORANGECI,Retraite complementaire ORANGE
0,0,101003489,50,0,232000,232000,0,0,0,232000,0,0,0,ORANGECI,Retraite complementaire ORANGE
0,0,101003583,50,0,69846,56238,0,0,0,56238,0,0,0,ORANGECI,Retraite complementaire ORANGE
0,0,101003605,50,0,265202,265202,0,0,0,265202,0,0,0,ORANGECI,Retraite complementaire ORANGE
0,0,101003105,50,0,107822,107822,0,0,0,107822,0,0,0,ORANGECI,Retraite complementaire ORANGE
0,0,101002783,50,0,0,0,0,0,0,0,0,0,0,ORANGECI,Retraite complementaire ORANGE
0,0,101003357,50,0,100608,100608,0,0,0,100608,0,0,0,ORANGECI,Retraite complementaire ORANGE
0,0,101003501,50,0,136000,136000,0,0,0,136000,0,0,0,ORANGECI,Retraite complementaire ORANGE
0,0,101002856,50,0,123750,123750,0,0,0,123750,0,0,0,ORANGECI,Retraite complementaire ORANGE
0,0,101003503,50,0,51912,51912,0,0,0,51912,0,0,0,ORANGECI,Retraite complementaire ORANGE
0,0,101000777,50,0,0,0,0,0,0,0,0,0,0,ORANGECI,Retraite complementaire ORANGE
0,0,101001929,50,0,0,0,0,0,0,0,0,0,0,ORANGECI,Retraite complementaire ORANGE
0,0,101003460,50,0,93928,93928,0,0,0,93928,0,0,0,ORANGECI,Retraite complementaire ORANGE
0,0,101001044,50,0,0,0,0,0,0,0,0,0,0,ORANGECI,Retraite complementaire ORANGE
0,0,101003167,50,0,0,0,0,0,0,0,0,0,0,ORANGECI,Retraite complementaire ORANGE
0,0,101002896,50,0,79138,79138,0,0,0,79138,0,0,0,ORANGECI,Retraite complementaire ORANGE
0,0,101003650,50,0,103226,103226,0,0,0,103226,0,0,0,ORANGECI,Retraite complementaire ORANGE
0,0,101003068,50,0,89928,66732,0,0,0,66732,0,0,0,ORANGECI,Retraite complementaire ORANGE
0,0,101003344,50,0,64292,64292,0,0,0,64292,0,0,0,ORANGECI,Retraite complementaire ORANGE
0,0,101001697,50,0,54356,54356,0,0,0,54356,0,0,0,ORANGECI,Retraite complementaire ORANGE
0,0,101002962,50,0,59794,59794,0,0,0,59794,0,0,0,ORANGECI,Retraite complementaire ORANGE
0,0,101002935,50,0,65100,65100,0,0,0,65100,0,0,0,ORANGECI,Retraite complementaire ORANGE
0,0,101003490,50,0,78486,78486,0,0,0,78486,0,0,0,ORANGECI,Retraite complementaire ORANGE
0,0,101003553,50,0,59668,59668,0,0,0,59668,0,0,0,ORANGECI,Retraite complementaire ORANGE
0,0,101003329,50,0,45682,45682,0,0,0,45682,0,0,0,ORANGECI,Retraite complementaire ORANGE
0,0,101003377,50,0,62456,62456,0,0,0,62456,0,0,0,ORANGECI,Retraite complementaire ORANGE
0,0,101003790,50,0,74116,74116,0,0,0,74116,0,0,0,ORANGECI,Retraite complementaire ORANGE
0,0,101003479,50,0,59218,59218,0,0,0,59218,0,0,0,ORANGECI,Retraite complementaire ORANGE
0,0,101003446,50,0,52116,52116,0,0,0,52116,0,0,0,ORANGECI,Retraite complementaire ORANGE
0,0,101003502,50,0,89258,89258,0,0,0,89258,0,0,0,ORANGECI,Retraite complementaire ORANGE
0,0,101003532,50,0,144000,144000,0,0,0,144000,0,0,0,ORANGECI,Retraite complementaire ORANGE
0,0,101003537,50,0,97046,97046,0,0,0,97046,0,0,0,ORANGECI,Retraite complementaire ORANGE
0,0,101003471,50,0,67166,61060,0,0,0,61060,0,0,0,ORANGECI,Retraite complementaire ORANGE
0,0,101003436,50,0,71770,71770,0,0,0,71770,0,0,0,ORANGECI,Retraite complementaire ORANGE
0,0,101003070,50,0,224000,224000,0,0,0,224000,0,0,0,ORANGECI,Retraite complementaire ORANGE
0,0,101003575,50,0,0,0,0,0,0,0,0,0,0,ORANGECI,Retraite complementaire ORANGE
0,0,101003319,50,0,51822,51822,0,0,0,51822,0,0,0,ORANGECI,Retraite complementaire ORANGE
0,0,101003405,50,0,94220,94220,0,0,0,94220,0,0,0,ORANGECI,Retraite complementaire ORANGE
0,0,101003596,50,0,100770,100770,0,0,0,100770,0,0,0,ORANGECI,Retraite complementaire ORANGE
0,0,101003271,50,0,161624,161624,0,0,0,161624,0,0,0,ORANGECI,Retraite complementaire ORANGE
0,0,101003519,50,0,89208,89208,0,0,0,89208,0,0,0,ORANGECI,Retraite complementaire ORANGE
0,0,101001495,50,0,482174,482174,0,0,0,482174,0,0,0,ORANGECI,Retraite complementaire ORANGE
0,0,101001289,50,0,120986,120986,0,0,0,120986,0,0,0,ORANGECI,Retraite complementaire ORANGE
0,0,101001100,50,0,0,0,0,0,0,0,0,0,0,ORANGECI,Retraite complementaire ORANGE
0,0,101001813,50,0,63146,63146,0,0,0,63146,0,0,0,ORANGECI,Retraite complementaire ORANGE
0,0,101002742,50,0,0,0,0,0,0,0,0,0,0,ORANGECI,Retraite complementaire ORANGE
0,0,101001374,50,0,0,0,0,0,0,0,0,0,0,ORANGECI,Retraite complementaire ORANGE
0,0,101001311,50,0,0,0,0,0,0,0,0,0,0,ORANGECI,Retraite complementaire ORANGE
0,0,101003487,50,0,84850,84850,0,0,0,84850,0,0,0,ORANGECI,Retraite complementaire ORANGE
0,0,101003730,50,0,78286,78286,0,0,0,78286,0,0,0,ORANGECI,Retraite complementaire ORANGE
0,0,101002166,50,0,60142,50142,0,0,0,50142,0,0,0,ORANGECI,Retraite complementaire ORANGE
0,0,101003166,50,0,95322,95322,0,0,0,95322,0,0,0,ORANGECI,Retraite complementaire ORANGE
0,0,101001681,50,0,94112,94112,0,0,0,94112,0,0,0,ORANGECI,Retraite complementaire ORANGE
0,0,101002346,50,0,0,0,0,0,0,0,0,0,0,ORANGECI,Retraite complementaire ORANGE
0,0,101002918,50,0,111220,111220,0,0,0,111220,0,0,0,ORANGECI,Retraite complementaire ORANGE
0,0,101003071,50,0,164408,164408,0,0,0,164408,0,0,0,ORANGECI,Retraite complementaire ORANGE
0,0,101002089,50,0,0,0,0,0,0,0,0,0,0,ORANGECI,Retraite complementaire ORANGE
0,0,101003146,50,0,0,0,0,0,0,0,0,0,0,ORANGECI,Retraite complementaire ORANGE
0,0,101001446,50,0,0,0,0,0,0,0,0,0,0,ORANGECI,Retraite complementaire ORANGE
0,0,101003494,50,0,78486,78486,0,0,0,78486,0,0,0,ORANGECI,Retraite complementaire ORANGE
0,0,101000554,50,0,47040,47040,0,0,0,47040,0,0,0,ORANGECI,Retraite complementaire ORANGE
0,0,101003965,50,0,48432,48432,0,0,0,48432,0,0,0,ORANGECI,Retraite complementaire ORANGE
0,0,101003531,50,0,52384,43428,0,0,0,43428,0,0,0,ORANGECI,Retraite complementaire ORANGE
0,0,101003610,50,0,57218,57218,0,0,0,57218,0,0,0,ORANGECI,Retraite complementaire ORANGE
0,0,101003619,50,0,80566,80566,0,0,0,80566,0,0,0,ORANGECI,Retraite complementaire ORANGE
0,0,101003912,50,0,114988,114988,0,0,0,114988,0,0,0,ORANGECI,Retraite complementaire ORANGE
0,0,101003527,50,0,78386,78386,0,0,0,78386,0,0,0,ORANGECI,Retraite complementaire ORANGE
0,0,101003951,50,0,58670,58670,0,0,0,58670,0,0,0,ORANGECI,Retraite complementaire ORANGE
0,0,101003717,50,0,62186,62186,0,0,0,62186,0,0,0,ORANGECI,Retraite complementaire ORANGE
0,0,101003971,50,0,74036,74036,0,0,0,74036,0,0,0,ORANGECI,Retraite complementaire ORANGE
0,0,101003771,50,0,65916,65916,0,0,0,65916,0,0,0,ORANGECI,Retraite complementaire ORANGE
0,0,101000169,50,0,0,0,0,0,0,0,0,0,0,ORANGECI,Retraite complementaire ORANGE
0,0,101003721,50,0,102240,102240,0,0,0,102240,0,0,0,ORANGECI,Retraite complementaire ORANGE
0,0,101002945,50,0,0,0,0,0,0,0,0,0,0,ORANGECI,Retraite complementaire ORANGE
0,0,101003877,50,0,90000,90000,0,0,0,90000,0,0,0,ORANGECI,Retraite complementaire ORANGE
0,0,101001525,50,0,0,0,0,0,0,0,0,0,0,ORANGECI,Retraite complementaire ORANGE
0,0,101002285,50,0,0,0,0,0,0,0,0,0,0,ORANGECI,Retraite complementaire ORANGE
0,0,101003796,50,0,46416,46416,0,0,0,46416,0,0,0,ORANGECI,Retraite complementaire ORANGE
0,0,101003022,50,0,98240,98240,0,0,0,98240,0,0,0,ORANGECI,Retraite complementaire ORANGE
0,0,101003384,50,0,54158,54158,0,0,0,54158,0,0,0,ORANGECI,Retraite complementaire ORANGE
0,0,101003043,50,0,0,0,0,0,0,0,0,0,0,ORANGECI,Retraite complementaire ORANGE
0,0,101002482,50,0,0,0,0,0,0,0,0,0,0,ORANGECI,Retraite complementaire ORANGE
0,0,101003179,50,0,46440,46440,0,0,0,46440,0,0,0,ORANGECI,Retraite complementaire ORANGE
0,0,101002961,50,0,60870,60870,0,0,0,60870,0,0,0,ORANGECI,Retraite complementaire ORANGE
0,0,101003382,50,0,81286,81286,0,0,0,81286,0,0,0,ORANGECI,Retraite complementaire ORANGE
0,0,101002366,50,0,0,0,0,0,0,0,0,0,0,ORANGECI,Retraite complementaire ORANGE
0,0,101003603,50,0,81556,81556,0,0,0,81556,0,0,0,ORANGECI,Retraite complementaire ORANGE
0,0,101003048,50,0,0,0,0,0,0,0,0,0,0,ORANGECI,Retraite complementaire ORANGE
0,0,101003600,50,0,69846,69846,0,0,0,69846,0,0,0,ORANGECI,Retraite complementaire ORANGE
0,0,101003952,50,0,115534,115534,0,0,0,115534,0,0,0,ORANGECI,Retraite complementaire ORANGE
0,0,101003178,50,0,0,0,0,0,0,0,0,0,0,ORANGECI,Retraite complementaire ORANGE
0,0,101003718,50,0,98240,98240,0,0,0,98240,0,0,0,ORANGECI,Retraite complementaire ORANGE
0,0,101003767,50,0,78310,78310,0,0,0,78310,0,0,0,ORANGECI,Retraite complementaire ORANGE
0,0,101003202,50,0,0,0,0,0,0,0,0,0,0,ORANGECI,Retraite complementaire ORANGE
0,0,101003433,50,0,54158,54158,0,0,0,54158,0,0,0,ORANGECI,Retraite complementaire ORANGE
0,0,101003486,50,0,165266,165266,0,0,0,165266,0,0,0,ORANGECI,Retraite complementaire ORANGE
0,0,101003243,50,0,0,0,0,0,0,0,0,0,0,ORANGECI,Retraite complementaire ORANGE
0,0,101003634,50,0,72086,72086,0,0,0,72086,0,0,0,ORANGECI,Retraite complementaire ORANGE
0,0,101003745,50,0,77184,77184,0,0,0,77184,0,0,0,ORANGECI,Retraite complementaire ORANGE
0,0,101003162,50,0,67280,67280,0,0,0,67280,0,0,0,ORANGECI,Retraite complementaire ORANGE
0,0,101002276,50,0,66272,66272,0,0,0,66272,0,0,0,ORANGECI,Retraite complementaire ORANGE
0,0,101003798,50,0,46416,46416,0,0,0,46416,0,0,0,ORANGECI,Retraite complementaire ORANGE
0,0,101002956,50,0,84186,84186,0,0,0,84186,0,0,0,ORANGECI,Retraite complementaire ORANGE
0,0,101003819,50,0,51822,51822,0,0,0,51822,0,0,0,ORANGECI,Retraite complementaire ORANGE
0,0,101001103,50,0,0,0,0,0,0,0,0,0,0,ORANGECI,Retraite complementaire ORANGE
0,0,101003463,50,0,90594,90594,0,0,0,90594,0,0,0,ORANGECI,Retraite complementaire ORANGE
0,0,101000837,50,0,152316,152316,0,0,0,152316,0,0,0,ORANGECI,Retraite complementaire ORANGE
0,0,101002941,50,0,0,0,0,0,0,0,0,0,0,ORANGECI,Retraite complementaire ORANGE
0,0,101002903,50,0,118616,118616,0,0,0,118616,0,0,0,ORANGECI,Retraite complementaire ORANGE
0,0,101002272,50,0,0,0,0,0,0,0,0,0,0,ORANGECI,Retraite complementaire ORANGE
0,0,101003943,50,0,96000,96000,0,0,0,96000,0,0,0,ORANGECI,Retraite complementaire ORANGE
0,0,101003973,50,0,51822,51822,0,0,0,51822,0,0,0,ORANGECI,Retraite complementaire ORANGE
0,0,101003420,50,0,160000,132360,0,0,0,132360,0,0,0,ORANGECI,Retraite complementaire ORANGE
0,0,101003302,50,0,134040,134040,0,0,0,134040,0,0,0,ORANGECI,Retraite complementaire ORANGE
0,0,101003579,50,0,252000,252000,0,0,0,252000,0,0,0,ORANGECI,Retraite complementaire ORANGE
0,0,101003139,50,0,116000,90638,0,0,0,90638,0,0,0,ORANGECI,Retraite complementaire ORANGE
0,0,101002986,50,0,54292,54292,0,0,0,54292,0,0,0,ORANGECI,Retraite complementaire ORANGE
0,0,101001693,50,0,0,0,0,0,0,0,0,0,0,ORANGECI,Retraite complementaire ORANGE
0,0,101003204,50,0,94312,94312,0,0,0,94312,0,0,0,ORANGECI,Retraite complementaire ORANGE
0,0,101002899,50,0,78596,78596,0,0,0,78596,0,0,0,ORANGECI,Retraite complementaire ORANGE
0,0,101003565,50,0,55946,55946,0,0,0,55946,0,0,0,ORANGECI,Retraite complementaire ORANGE
0,0,101003932,50,0,40776,40776,0,0,0,40776,0,0,0,ORANGECI,Retraite complementaire ORANGE
0,0,101003443,50,0,81674,81674,0,0,0,81674,0,0,0,ORANGECI,Retraite complementaire ORANGE
0,0,101003983,50,0,102000,102000,0,0,0,102000,0,0,0,ORANGECI,Retraite complementaire ORANGE
0,0,101003444,50,0,124282,124282,0,0,0,124282,0,0,0,ORANGECI,Retraite complementaire ORANGE
0,0,101003962,50,0,72000,72000,0,0,0,72000,0,0,0,ORANGECI,Retraite complementaire ORANGE
0,0,101003327,50,0,105262,105262,0,0,0,105262,0,0,0,ORANGECI,Retraite complementaire ORANGE
0,0,101003244,50,0,72982,72982,0,0,0,72982,0,0,0,ORANGECI,Retraite complementaire ORANGE
0,0,101003816,50,0,95322,95322,0,0,0,95322,0,0,0,ORANGECI,Retraite complementaire ORANGE
0,0,101003906,50,0,72000,72000,0,0,0,72000,0,0,0,ORANGECI,Retraite complementaire ORANGE
0,0,101003970,50,0,51822,51822,0,0,0,51822,0,0,0,ORANGECI,Retraite complementaire ORANGE
0,0,101003874,50,0,48432,48432,0,0,0,48432,0,0,0,ORANGECI,Retraite complementaire ORANGE
0,0,101003872,50,0,120000,120000,0,0,0,120000,0,0,0,ORANGECI,Retraite complementaire ORANGE
0,0,101003794,50,0,51874,51874,0,0,0,51874,0,0,0,ORANGECI,Retraite complementaire ORANGE
0,0,101003216,50,0,0,0,0,0,0,0,0,0,0,ORANGECI,Retraite complementaire ORANGE
0,0,101003820,50,0,177226,177226,0,0,0,177226,0,0,0,ORANGECI,Retraite complementaire ORANGE
0,0,101003956,50,0,320000,320000,0,0,0,320000,0,0,0,ORANGECI,Retraite complementaire ORANGE
0,0,101003149,50,0,73354,73354,0,0,0,73354,0,0,0,ORANGECI,Retraite complementaire ORANGE
0,0,101003114,50,0,74036,74036,0,0,0,74036,0,0,0,ORANGECI,Retraite complementaire ORANGE
0,0,101003066,50,0,138748,138748,0,0,0,138748,0,0,0,ORANGECI,Retraite complementaire ORANGE
0,0,101003355,50,0,131072,131072,0,0,0,131072,0,0,0,ORANGECI,Retraite complementaire ORANGE
0,0,101001213,50,0,189182,189182,0,0,0,189182,0,0,0,ORANGECI,Retraite complementaire ORANGE
0,0,101003867,50,0,78310,78310,0,0,0,78310,0,0,0,ORANGECI,Retraite complementaire ORANGE
0,0,101003859,50,0,26602,26602,0,0,0,26602,0,0,0,ORANGECI,Retraite complementaire ORANGE
0,0,101003015,50,0,174468,174468,0,0,0,174468,0,0,0,ORANGECI,Retraite complementaire ORANGE
0,0,101003580,50,0,110276,110276,0,0,0,110276,0,0,0,ORANGECI,Retraite complementaire ORANGE
0,0,101003138,50,0,86172,86172,0,0,0,86172,0,0,0,ORANGECI,Retraite complementaire ORANGE
0,0,101003144,50,0,66958,66958,0,0,0,66958,0,0,0,ORANGECI,Retraite complementaire ORANGE
0,0,101003496,50,0,62250,62250,0,0,0,62250,0,0,0,ORANGECI,Retraite complementaire ORANGE
0,0,101002857,50,0,83716,83716,0,0,0,83716,0,0,0,ORANGECI,Retraite complementaire ORANGE
0,0,101003472,50,0,104206,104206,0,0,0,104206,0,0,0,ORANGECI,Retraite complementaire ORANGE
0,0,101003869,50,0,108000,108000,0,0,0,108000,0,0,0,ORANGECI,Retraite complementaire ORANGE
0,0,101001471,50,0,0,0,0,0,0,0,0,0,0,ORANGECI,Retraite complementaire ORANGE
0,0,101003324,50,0,74240,74240,0,0,0,74240,0,0,0,ORANGECI,Retraite complementaire ORANGE
0,0,101003716,50,0,39792,39792,0,0,0,39792,0,0,0,ORANGECI,Retraite complementaire ORANGE
0,0,101000776,50,0,0,0,0,0,0,0,0,0,0,ORANGECI,Retraite complementaire ORANGE
0,0,101003566,50,0,79164,79164,0,0,0,79164,0,0,0,ORANGECI,Retraite complementaire ORANGE
0,0,101003656,50,0,148000,148000,0,0,0,148000,0,0,0,ORANGECI,Retraite complementaire ORANGE
0,0,101003213,50,0,57572,57572,0,0,0,57572,0,0,0,ORANGECI,Retraite complementaire ORANGE
0,0,101003828,50,0,0,0,0,0,0,0,0,0,0,ORANGECI,Retraite complementaire ORANGE
0,0,101003312,50,0,95322,95322,0,0,0,95322,0,0,0,ORANGECI,Retraite complementaire ORANGE
0,0,101003428,50,0,50024,50024,0,0,0,50024,0,0,0,ORANGECI,Retraite complementaire ORANGE
0,0,101003511,50,0,0,0,0,0,0,0,0,0,0,ORANGECI,Retraite complementaire ORANGE
0,0,101003915,50,0,48432,48432,0,0,0,48432,0,0,0,ORANGECI,Retraite complementaire ORANGE
0,0,101003157,50,0,72086,72086,0,0,0,72086,0,0,0,ORANGECI,Retraite complementaire ORANGE
0,0,101002950,50,0,134784,134784,0,0,0,134784,0,0,0,ORANGECI,Retraite complementaire ORANGE
0,0,101003094,50,0,65304,65304,0,0,0,65304,0,0,0,ORANGECI,Retraite complementaire ORANGE
0,0,101003363,50,0,124000,100718,0,0,0,100718,0,0,0,ORANGECI,Retraite complementaire ORANGE
0,0,101003394,50,0,91270,91270,0,0,0,91270,0,0,0,ORANGECI,Retraite complementaire ORANGE
0,0,101002161,50,0,112394,112394,0,0,0,112394,0,0,0,ORANGECI,Retraite complementaire ORANGE
0,0,101003395,50,0,54786,54786,0,0,0,54786,0,0,0,ORANGECI,Retraite complementaire ORANGE
0,0,101003571,50,0,98920,98920,0,0,0,98920,0,0,0,ORANGECI,Retraite complementaire ORANGE
0,0,101003788,50,0,40776,40776,0,0,0,40776,0,0,0,ORANGECI,Retraite complementaire ORANGE
0,0,101003856,50,0,36324,36324,0,0,0,36324,0,0,0,ORANGECI,Retraite complementaire ORANGE
0,0,101003653,50,0,53760,53760,0,0,0,53760,0,0,0,ORANGECI,Retraite complementaire ORANGE
0,0,101003049,50,0,167338,167338,0,0,0,167338,0,0,0,ORANGECI,Retraite complementaire ORANGE
0,0,101003311,50,0,76264,76264,0,0,0,76264,0,0,0,ORANGECI,Retraite complementaire ORANGE
0,0,101003979,50,0,50672,50672,0,0,0,50672,0,0,0,ORANGECI,Retraite complementaire ORANGE
0,0,101003211,50,0,97034,97034,0,0,0,97034,0,0,0,ORANGECI,Retraite complementaire ORANGE
0,0,101003438,50,0,48898,48898,0,0,0,48898,0,0,0,ORANGECI,Retraite complementaire ORANGE
0,0,101001515,50,0,0,0,0,0,0,0,0,0,0,ORANGECI,Retraite complementaire ORANGE
0,0,101002877,50,0,97934,97934,0,0,0,97934,0,0,0,ORANGECI,Retraite complementaire ORANGE
0,0,101002197,50,0,104702,104702,0,0,0,104702,0,0,0,ORANGECI,Retraite complementaire ORANGE
0,0,101003119,50,0,152000,152000,0,0,0,152000,0,0,0,ORANGECI,Retraite complementaire ORANGE
0,0,101003215,50,0,81432,81432,0,0,0,81432,0,0,0,ORANGECI,Retraite complementaire ORANGE
0,0,101003799,50,0,74116,74116,0,0,0,74116,0,0,0,ORANGECI,Retraite complementaire ORANGE
0,0,101003337,50,0,74282,74282,0,0,0,74282,0,0,0,ORANGECI,Retraite complementaire ORANGE
0,0,101003961,50,0,154718,154718,0,0,0,154718,0,0,0,ORANGECI,Retraite complementaire ORANGE
0,0,101003375,50,0,74208,74208,0,0,0,74208,0,0,0,ORANGECI,Retraite complementaire ORANGE
0,0,101003924,50,0,112000,112000,0,0,0,112000,0,0,0,ORANGECI,Retraite complementaire ORANGE
0,0,101003927,50,0,72000,72000,0,0,0,72000,0,0,0,ORANGECI,Retraite complementaire ORANGE
0,0,101003514,50,0,79324,79324,0,0,0,79324,0,0,0,ORANGECI,Retraite complementaire ORANGE
0,0,101003592,50,0,55172,55172,0,0,0,55172,0,0,0,ORANGECI,Retraite complementaire ORANGE
0,0,101003135,50,0,88158,88158,0,0,0,88158,0,0,0,ORANGECI,Retraite complementaire ORANGE
0,0,101003623,50,0,42454,42454,0,0,0,42454,0,0,0,ORANGECI,Retraite complementaire ORANGE
0,0,101003808,50,0,40800,40800,0,0,0,40800,0,0,0,ORANGECI,Retraite complementaire ORANGE
0,0,101003673,50,0,0,0,0,0,0,0,0,0,0,ORANGECI,Retraite complementaire ORANGE
0,0,101003935,50,0,40776,40776,0,0,0,40776,0,0,0,ORANGECI,Retraite complementaire ORANGE
0,0,101003689,50,0,69904,69904,0,0,0,69904,0,0,0,ORANGECI,Retraite complementaire ORANGE
0,0,101003633,50,0,0,0,0,0,0,0,0,0,0,ORANGECI,Retraite complementaire ORANGE
0,0,101003950,50,0,69844,69844,0,0,0,69844,0,0,0,ORANGECI,Retraite complementaire ORANGE
0,0,101003913,50,0,89928,89928,0,0,0,89928,0,0,0,ORANGECI,Retraite complementaire ORANGE
0,0,101003497,50,0,97858,97858,0,0,0,97858,0,0,0,ORANGECI,Retraite complementaire ORANGE
0,0,101002098,50,0,0,0,0,0,0,0,0,0,0,ORANGECI,Retraite complementaire ORANGE
0,0,101003247,50,0,52546,52546,0,0,0,52546,0,0,0,ORANGECI,Retraite complementaire ORANGE
0,0,101003218,50,0,79988,79988,0,0,0,79988,0,0,0,ORANGECI,Retraite complementaire ORANGE
0,0,101003754,50,0,277764,277764,0,0,0,277764,0,0,0,ORANGECI,Retraite complementaire ORANGE
0,0,101001421,50,0,0,0,0,0,0,0,0,0,0,ORANGECI,Retraite complementaire ORANGE
0,0,101003781,50,0,51874,51874,0,0,0,51874,0,0,0,ORANGECI,Retraite complementaire ORANGE
0,0,101003637,50,0,99360,99360,0,0,0,99360,0,0,0,ORANGECI,Retraite complementaire ORANGE
0,0,101003925,50,0,112000,112000,0,0,0,112000,0,0,0,ORANGECI,Retraite complementaire ORANGE
0,0,101003251,50,0,89902,89902,0,0,0,89902,0,0,0,ORANGECI,Retraite complementaire ORANGE
0,0,101003860,50,0,72000,72000,0,0,0,72000,0,0,0,ORANGECI,Retraite complementaire ORANGE
0,0,101003616,50,0,81164,81164,0,0,0,81164,0,0,0,ORANGECI,Retraite complementaire ORANGE
0,0,101001598,50,0,0,0,0,0,0,0,0,0,0,ORANGECI,Retraite complementaire ORANGE
0,0,101003399,50,0,33912,33912,0,0,0,33912,0,0,0,ORANGECI,Retraite complementaire ORANGE
0,0,101003647,50,0,74098,74098,0,0,0,74098,0,0,0,ORANGECI,Retraite complementaire ORANGE
0,0,101003296,50,0,128134,128134,0,0,0,128134,0,0,0,ORANGECI,Retraite complementaire ORANGE
0,0,101003364,50,0,136224,136224,0,0,0,136224,0,0,0,ORANGECI,Retraite complementaire ORANGE
0,0,101002521,50,0,126840,126840,0,0,0,126840,0,0,0,ORANGECI,Retraite complementaire ORANGE
0,0,101003205,50,0,74364,74364,0,0,0,74364,0,0,0,ORANGECI,Retraite complementaire ORANGE
0,0,101003367,50,0,54158,54158,0,0,0,54158,0,0,0,ORANGECI,Retraite complementaire ORANGE
0,0,101003393,50,0,114542,114542,0,0,0,114542,0,0,0,ORANGECI,Retraite complementaire ORANGE
0,0,101003147,50,0,82094,82094,0,0,0,82094,0,0,0,ORANGECI,Retraite complementaire ORANGE
0,0,101003159,50,0,55142,55142,0,0,0,55142,0,0,0,ORANGECI,Retraite complementaire ORANGE
0,0,101003372,50,0,67776,67776,0,0,0,67776,0,0,0,ORANGECI,Retraite complementaire ORANGE
0,0,101003505,50,0,188882,188882,0,0,0,188882,0,0,0,ORANGECI,Retraite complementaire ORANGE
0,0,101003478,50,0,51822,51822,0,0,0,51822,0,0,0,ORANGECI,Retraite complementaire ORANGE
0,0,101003391,50,0,51822,51822,0,0,0,51822,0,0,0,ORANGECI,Retraite complementaire ORANGE
0,0,101003698,50,0,294704,294704,0,0,0,294704,0,0,0,ORANGECI,Retraite complementaire ORANGE
0,0,101003132,50,0,0,0,0,0,0,0,0,0,0,ORANGECI,Retraite complementaire ORANGE
0,0,101003597,50,0,69942,69942,0,0,0,69942,0,0,0,ORANGECI,Retraite complementaire ORANGE
0,0,101003174,50,0,89238,89238,0,0,0,89238,0,0,0,ORANGECI,Retraite complementaire ORANGE
0,0,101003245,50,0,204880,204880,0,0,0,204880,0,0,0,ORANGECI,Retraite complementaire ORANGE
0,0,101003813,50,0,51874,51874,0,0,0,51874,0,0,0,ORANGECI,Retraite complementaire ORANGE
0,0,101001505,50,0,0,0,0,0,0,0,0,0,0,ORANGECI,Retraite complementaire ORANGE
0,0,101003645,50,0,149800,149800,0,0,0,149800,0,0,0,ORANGECI,Retraite complementaire ORANGE
0,0,101003116,50,0,74302,74302,0,0,0,74302,0,0,0,ORANGECI,Retraite complementaire ORANGE
0,0,101002495,50,0,0,0,0,0,0,0,0,0,0,ORANGECI,Retraite complementaire ORANGE
0,0,101003697,50,0,0,0,0,0,0,0,0,0,0,ORANGECI,Retraite complementaire ORANGE
0,0,101003602,50,0,113742,113742,0,0,0,113742,0,0,0,ORANGECI,Retraite complementaire ORANGE
0,0,101003345,50,0,74262,74262,0,0,0,74262,0,0,0,ORANGECI,Retraite complementaire ORANGE
0,0,101003636,50,0,40776,40776,0,0,0,40776,0,0,0,ORANGECI,Retraite complementaire ORANGE
0,0,101003118,50,0,0,0,0,0,0,0,0,0,0,ORANGECI,Retraite complementaire ORANGE
0,0,101001431,50,0,0,0,0,0,0,0,0,0,0,ORANGECI,Retraite complementaire ORANGE
0,0,101002738,50,0,0,0,0,0,0,0,0,0,0,ORANGECI,Retraite complementaire ORANGE
0,0,101003392,50,0,78614,65512,0,0,0,78614,0,0,0,ORANGECI,Retraite complementaire ORANGE
0,0,101001853,50,0,0,0,0,0,0,0,0,0,0,ORANGECI,Retraite complementaire ORANGE
0,0,101002925,50,0,139642,139642,0,0,0,139642,0,0,0,ORANGECI,Retraite complementaire ORANGE
0,0,101003701,50,0,54432,54432,0,0,0,54432,0,0,0,ORANGECI,Retraite complementaire ORANGE
0,0,101003002,50,0,0,0,0,0,0,0,0,0,0,ORANGECI,Retraite complementaire ORANGE
0,0,101003811,50,0,92240,92240,0,0,0,92240,0,0,0,ORANGECI,Retraite complementaire ORANGE
0,0,101003866,50,0,51874,51874,0,0,0,51874,0,0,0,ORANGECI,Retraite complementaire ORANGE
0,0,101003967,50,0,48432,48432,0,0,0,48432,0,0,0,ORANGECI,Retraite complementaire ORANGE
0,0,101003835,50,0,137900,137900,0,0,0,137900,0,0,0,ORANGECI,Retraite complementaire ORANGE
0,0,101003822,50,0,0,0,0,0,0,0,0,0,0,ORANGECI,Retraite complementaire ORANGE
0,0,101003821,50,0,0,0,0,0,0,0,0,0,0,ORANGECI,Retraite complementaire ORANGE
0,0,101003181,50,0,54158,54158,0,0,0,54158,0,0,0,ORANGECI,Retraite complementaire ORANGE
0,0,101003928,50,0,72000,72000,0,0,0,72000,0,0,0,ORANGECI,Retraite complementaire ORANGE
0,0,101003825,50,0,80640,80640,0,0,0,80640,0,0,0,ORANGECI,Retraite complementaire ORANGE
0,0,101003838,50,0,72000,72000,0,0,0,72000,0,0,0,ORANGECI,Retraite complementaire ORANGE
0,0,101003706,50,0,78336,78336,0,0,0,78336,0,0,0,ORANGECI,Retraite complementaire ORANGE
0,0,101003871,50,0,72000,72000,0,0,0,72000,0,0,0,ORANGECI,Retraite complementaire ORANGE
0,0,101003918,50,0,0,0,0,0,0,0,0,0,0,ORANGECI,Retraite complementaire ORANGE
0,0,101003939,50,0,80000,80000,0,0,0,80000,0,0,0,ORANGECI,Retraite complementaire ORANGE
0,0,101002036,50,0,90068,90068,0,0,0,90068,0,0,0,ORANGECI,Retraite complementaire ORANGE
0,0,101003955,50,0,80000,80000,0,0,0,80000,0,0,0,ORANGECI,Retraite complementaire ORANGE
0,0,101003853,50,0,36324,36324,0,0,0,36324,0,0,0,ORANGECI,Retraite complementaire ORANGE
0,0,101003678,50,0,48432,48432,0,0,0,48432,0,0,0,ORANGECI,Retraite complementaire ORANGE
0,0,101001729,50,0,127890,127890,0,0,0,127890,0,0,0,ORANGECI,Retraite complementaire ORANGE
0,0,101003661,50,0,74076,74076,0,0,0,74076,0,0,0,ORANGECI,Retraite complementaire ORANGE
0,0,101003756,50,0,76320,76320,0,0,0,76320,0,0,0,ORANGECI,Retraite complementaire ORANGE
0,0,101003897,50,0,52384,52384,0,0,0,52384,0,0,0,ORANGECI,Retraite complementaire ORANGE
0,0,101003898,50,0,96000,96000,0,0,0,96000,0,0,0,ORANGECI,Retraite complementaire ORANGE
0,0,101003803,50,0,82292,82292,0,0,0,82292,0,0,0,ORANGECI,Retraite complementaire ORANGE
0,0,101003458,50,0,66122,66122,0,0,0,66122,0,0,0,ORANGECI,Retraite complementaire ORANGE
0,0,101002018,50,0,101430,101430,0,0,0,101430,0,0,0,ORANGECI,Retraite complementaire ORANGE
0,0,101003812,50,0,51874,51874,0,0,0,51874,0,0,0,ORANGECI,Retraite complementaire ORANGE
0,0,101002823,50,0,152422,152422,0,0,0,152422,0,0,0,ORANGECI,Retraite complementaire ORANGE
0,0,101003188,50,0,86422,86422,0,0,0,86422,0,0,0,ORANGECI,Retraite complementaire ORANGE
0,0,101003258,50,0,265014,265014,0,0,0,265014,0,0,0,ORANGECI,Retraite complementaire ORANGE
0,0,101003388,50,0,72218,72218,0,0,0,72218,0,0,0,ORANGECI,Retraite complementaire ORANGE
0,0,101003250,50,0,100896,100896,0,0,0,100896,0,0,0,ORANGECI,Retraite complementaire ORANGE
0,0,101002955,50,0,0,0,0,0,0,0,0,0,0,ORANGECI,Retraite complementaire ORANGE
0,0,101003439,50,0,66014,66014,0,0,0,66014,0,0,0,ORANGECI,Retraite complementaire ORANGE
0,0,101003801,50,0,76320,76320,0,0,0,76320,0,0,0,ORANGECI,Retraite complementaire ORANGE
0,0,101003416,50,0,62250,62250,0,0,0,62250,0,0,0,ORANGECI,Retraite complementaire ORANGE
0,0,101003536,50,0,80052,80052,0,0,0,80052,0,0,0,ORANGECI,Retraite complementaire ORANGE
0,0,101003500,50,0,74384,74384,0,0,0,74384,0,0,0,ORANGECI,Retraite complementaire ORANGE
0,0,101003513,50,0,202610,202610,0,0,0,202610,0,0,0,ORANGECI,Retraite complementaire ORANGE
0,0,101002364,50,0,0,0,0,0,0,0,0,0,0,ORANGECI,Retraite complementaire ORANGE
0,0,101003836,50,0,216000,216000,0,0,0,216000,0,0,0,ORANGECI,Retraite complementaire ORANGE
0,0,101003227,50,0,54466,54466,0,0,0,54466,0,0,0,ORANGECI,Retraite complementaire ORANGE
0,0,101001314,50,0,0,0,0,0,0,0,0,0,0,ORANGECI,Retraite complementaire ORANGE
0,0,101002845,50,0,0,0,0,0,0,0,0,0,0,ORANGECI,Retraite complementaire ORANGE
0,0,101003843,50,0,80000,80000,0,0,0,80000,0,0,0,ORANGECI,Retraite complementaire ORANGE
0,0,101002803,50,0,0,0,0,0,0,0,0,0,0,ORANGECI,Retraite complementaire ORANGE
0,0,101003966,50,0,48432,48432,0,0,0,48432,0,0,0,ORANGECI,Retraite complementaire ORANGE
0,0,101002848,50,0,73594,73594,0,0,0,100094,0,0,0,ORANGECI,Retraite complementaire ORANGE
0,0,101003817,50,0,78226,78226,0,0,0,78226,0,0,0,ORANGECI,Retraite complementaire ORANGE
0,0,101003606,50,0,51822,51822,0,0,0,51822,0,0,0,ORANGECI,Retraite complementaire ORANGE
0,0,101003615,50,0,117152,117152,0,0,0,117152,0,0,0,ORANGECI,Retraite complementaire ORANGE
0,0,101001532,50,0,0,0,0,0,0,0,0,0,0,ORANGECI,Retraite complementaire ORANGE
0,0,101000914,50,0,0,0,0,0,0,0,0,0,0,ORANGECI,Retraite complementaire ORANGE
0,0,101003540,50,0,0,0,0,0,0,0,0,0,0,ORANGECI,Retraite complementaire ORANGE
0,0,101002799,50,0,95656,95656,0,0,0,95656,0,0,0,ORANGECI,Retraite complementaire ORANGE
0,0,101003989,50,0,43230,0,0,0,0,43230,0,0,0,ORANGECI,Retraite complementaire ORANGE
0,0,101003618,50,0,0,0,0,0,0,0,0,0,0,ORANGECI,Retraite complementaire ORANGE
0,0,101002678,50,0,93024,93024,0,0,0,93024,0,0,0,ORANGECI,Retraite complementaire ORANGE
0,0,101003113,50,0,0,0,0,0,0,0,0,0,0,ORANGECI,Retraite complementaire ORANGE
0,0,101001096,50,0,0,0,0,0,0,0,0,0,0,ORANGECI,Retraite complementaire ORANGE
0,0,101002893,50,0,0,0,0,0,0,0,0,0,0,ORANGECI,Retraite complementaire ORANGE
0,0,101003193,50,0,47310,47310,0,0,0,47310,0,0,0,ORANGECI,Retraite complementaire ORANGE
0,0,101003169,50,0,68688,68688,0,0,0,68688,0,0,0,ORANGECI,Retraite complementaire ORANGE
0,0,101003468,50,0,79186,79186,0,0,0,79186,0,0,0,ORANGECI,Retraite complementaire ORANGE
0,0,101003826,50,0,80640,80640,0,0,0,80640,0,0,0,ORANGECI,Retraite complementaire ORANGE
0,0,101003916,50,0,72000,72000,0,0,0,72000,0,0,0,ORANGECI,Retraite complementaire ORANGE
0,0,101003183,50,0,44978,44978,0,0,0,44978,0,0,0,ORANGECI,Retraite complementaire ORANGE
0,0,101003024,50,0,75808,75808,0,0,0,75808,0,0,0,ORANGECI,Retraite complementaire ORANGE
0,0,101003908,50,0,112000,112000,0,0,0,112000,0,0,0,ORANGECI,Retraite complementaire ORANGE
0,0,101002933,50,0,62098,62098,0,0,0,62098,0,0,0,ORANGECI,Retraite complementaire ORANGE
0,0,101003448,50,0,128000,128000,0,0,0,128000,0,0,0,ORANGECI,Retraite complementaire ORANGE
0,0,101003418,50,0,117904,117904,0,0,0,117904,0,0,0,ORANGECI,Retraite complementaire ORANGE
0,0,101002895,50,0,83996,83996,0,0,0,83996,0,0,0,ORANGECI,Retraite complementaire ORANGE
0,0,101003968,50,0,80000,80000,0,0,0,80000,0,0,0,ORANGECI,Retraite complementaire ORANGE
0,0,101003977,50,0,560000,560000,0,0,0,560000,0,0,0,ORANGECI,Retraite complementaire ORANGE
0,0,101003386,50,0,49044,49044,0,0,0,49044,0,0,0,ORANGECI,Retraite complementaire ORANGE
0,0,101003931,50,0,40800,40800,0,0,0,40800,0,0,0,ORANGECI,Retraite complementaire ORANGE
0,0,101001960,50,0,0,0,0,0,0,0,0,0,0,ORANGECI,Retraite complementaire ORANGE
0,0,101003057,50,0,264884,264884,0,0,0,264884,0,0,0,ORANGECI,Retraite complementaire ORANGE
0,0,101003911,50,0,96714,96714,0,0,0,96714,0,0,0,ORANGECI,Retraite complementaire ORANGE
0,0,101003056,50,0,95322,95322,0,0,0,95322,0,0,0,ORANGECI,Retraite complementaire ORANGE
0,0,101003922,50,0,80000,80000,0,0,0,80000,0,0,0,ORANGECI,Retraite complementaire ORANGE
0,0,101003136,50,0,186276,186276,0,0,0,186276,0,0,0,ORANGECI,Retraite complementaire ORANGE
0,0,101003184,50,0,86286,86286,0,0,0,86286,0,0,0,ORANGECI,Retraite complementaire ORANGE
0,0,101003120,50,0,55992,55992,0,0,0,55992,0,0,0,ORANGECI,Retraite complementaire ORANGE
0,0,101003091,50,0,109210,109210,0,0,0,0,0,0,0,ORANGECI,Retraite complementaire ORANGE
0,0,101002174,50,0,0,0,0,0,0,0,0,0,0,ORANGECI,Retraite complementaire ORANGE
0,0,101003682,50,0,100000,100000,0,0,0,100000,0,0,0,ORANGECI,Retraite complementaire ORANGE
0,0,101003235,50,0,80952,80952,0,0,0,80952,0,0,0,ORANGECI,Retraite complementaire ORANGE
0,0,101003027,50,0,79372,79372,0,0,0,79372,0,0,0,ORANGECI,Retraite complementaire ORANGE
0,0,101003295,50,0,0,0,0,0,0,0,0,0,0,ORANGECI,Retraite complementaire ORANGE
0,0,101003938,50,0,72000,72000,0,0,0,72000,0,0,0,ORANGECI,Retraite complementaire ORANGE
0,0,101003014,50,0,147126,122606,0,0,0,147126,0,0,0,ORANGECI,Retraite complementaire ORANGE
0,0,101003958,50,0,72000,72000,0,0,0,72000,0,0,0,ORANGECI,Retraite complementaire ORANGE
0,0,101003728,50,0,51874,51874,0,0,0,51874,0,0,0,ORANGECI,Retraite complementaire ORANGE
0,0,101003191,50,0,55968,55968,0,0,0,55968,0,0,0,ORANGECI,Retraite complementaire ORANGE
0,0,101003316,50,0,160000,122794,0,0,0,122794,0,0,0,ORANGECI,Retraite complementaire ORANGE
0,0,101003960,50,0,120000,120000,0,0,0,120000,0,0,0,ORANGECI,Retraite complementaire ORANGE
0,0,101003469,50,0,82292,82292,0,0,0,82292,0,0,0,ORANGECI,Retraite complementaire ORANGE
0,0,101003173,50,0,51152,51152,0,0,0,51152,0,0,0,ORANGECI,Retraite complementaire ORANGE
0,0,101003475,50,0,32040,32040,0,0,0,32040,0,0,0,ORANGECI,Retraite complementaire ORANGE
0,0,101003305,50,0,52432,52432,0,0,0,52432,0,0,0,ORANGECI,Retraite complementaire ORANGE
0,0,101003025,50,0,73656,73656,0,0,0,73656,0,0,0,ORANGECI,Retraite complementaire ORANGE
0,0,101003230,50,0,86240,86240,0,0,0,86240,0,0,0,ORANGECI,Retraite complementaire ORANGE
0,0,101003090,50,0,79486,79486,0,0,0,79486,0,0,0,ORANGECI,Retraite complementaire ORANGE
0,0,101003963,50,0,72000,72000,0,0,0,72000,0,0,0,ORANGECI,Retraite complementaire ORANGE
0,0,101003030,50,0,99690,99690,0,0,0,99690,0,0,0,ORANGECI,Retraite complementaire ORANGE
0,0,101003930,50,0,44790,44790,0,0,0,44790,0,0,0,ORANGECI,Retraite complementaire ORANGE
0,0,101003739,50,0,0,0,0,0,0,0,0,0,0,ORANGECI,Retraite complementaire ORANGE
0,0,101003759,50,0,106240,106240,0,0,0,106240,0,0,0,ORANGECI,Retraite complementaire ORANGE
0,0,101002920,50,0,184266,184266,0,0,0,184266,0,0,0,ORANGECI,Retraite complementaire ORANGE
0,0,101003155,50,0,62494,62494,0,0,0,62494,0,0,0,ORANGECI,Retraite complementaire ORANGE
0,0,101003111,50,0,92812,92812,0,0,0,92812,0,0,0,ORANGECI,Retraite complementaire ORANGE
0,0,101003255,50,0,88978,88978,0,0,0,88978,0,0,0,ORANGECI,Retraite complementaire ORANGE
0,0,101003335,50,0,74282,74282,0,0,0,74282,0,0,0,ORANGECI,Retraite complementaire ORANGE
0,0,101003273,50,0,0,0,0,0,0,0,0,0,0,ORANGECI,Retraite complementaire ORANGE
0,0,101003263,50,0,69846,58892,0,0,0,58892,0,0,0,ORANGECI,Retraite complementaire ORANGE
0,0,101003461,50,0,54158,54158,0,0,0,54158,0,0,0,ORANGECI,Retraite complementaire ORANGE
0,0,101003834,50,0,292000,292000,0,0,0,292000,0,0,0,ORANGECI,Retraite complementaire ORANGE
0,0,101003009,50,0,85108,85108,0,0,0,85108,0,0,0,ORANGECI,Retraite complementaire ORANGE
0,0,101003440,50,0,112064,112064,0,0,0,112064,0,0,0,ORANGECI,Retraite complementaire ORANGE
0,0,101003427,50,0,76150,76150,0,0,0,76150,0,0,0,ORANGECI,Retraite complementaire ORANGE
0,0,101003786,50,0,306796,306796,0,0,0,306796,0,0,0,ORANGECI,Retraite complementaire ORANGE
0,0,101003206,50,0,56246,56246,0,0,0,56246,0,0,0,ORANGECI,Retraite complementaire ORANGE
0,0,101003953,50,0,48432,48432,0,0,0,48432,0,0,0,ORANGECI,Retraite complementaire ORANGE
0,0,101003562,50,0,0,0,0,0,0,0,0,0,0,ORANGECI,Retraite complementaire ORANGE
0,0,101003413,50,0,76264,76264,0,0,0,76264,0,0,0,ORANGECI,Retraite complementaire ORANGE
0,0,101003430,50,0,55118,55118,0,0,0,55118,0,0,0,ORANGECI,Retraite complementaire ORANGE
0,0,101003556,50,0,0,0,0,0,0,0,0,0,0,ORANGECI,Retraite complementaire ORANGE
0,0,101003543,50,0,124146,124146,0,0,0,124146,0,0,0,ORANGECI,Retraite complementaire ORANGE
0,0,101003323,50,0,77744,77744,0,0,0,77744,0,0,0,ORANGECI,Retraite complementaire ORANGE
0,0,101000164,50,0,0,0,0,0,0,0,0,0,0,ORANGECI,Retraite complementaire ORANGE
0,0,101003640,50,0,74118,74118,0,0,0,74118,0,0,0,ORANGECI,Retraite complementaire ORANGE
0,0,101003409,50,0,145920,145920,0,0,0,145920,0,0,0,ORANGECI,Retraite complementaire ORANGE
0,0,101003646,50,0,96000,96000,0,0,0,96000,0,0,0,ORANGECI,Retraite complementaire ORANGE
0,0,101003945,50,0,176000,176000,0,0,0,176000,0,0,0,ORANGECI,Retraite complementaire ORANGE
0,0,101003775,50,0,69846,69846,0,0,0,69846,0,0,0,ORANGECI,Retraite complementaire ORANGE
0,0,101002122,50,0,0,0,0,0,0,0,0,0,0,ORANGECI,Retraite complementaire ORANGE
0,0,101003403,50,0,87728,87728,0,0,0,87728,0,0,0,ORANGECI,Retraite complementaire ORANGE
0,0,101003239,50,0,54070,54070,0,0,0,54070,0,0,0,ORANGECI,Retraite complementaire ORANGE
0,0,101003404,50,0,0,0,0,0,0,0,0,0,0,ORANGECI,Retraite complementaire ORANGE
0,0,101003148,50,0,89928,89928,0,0,0,89928,0,0,0,ORANGECI,Retraite complementaire ORANGE
0,0,101003984,50,0,0,144000,0,0,0,144000,0,0,0,ORANGECI,Retraite complementaire ORANGE
0,0,101003366,50,0,155184,155184,0,0,0,155184,0,0,0,ORANGECI,Retraite complementaire ORANGE
0,0,101003242,50,0,55592,55592,0,0,0,55592,0,0,0,ORANGECI,Retraite complementaire ORANGE
0,0,101003635,50,0,0,0,0,0,0,0,0,0,0,ORANGECI,Retraite complementaire ORANGE
0,0,101003318,50,0,59328,59328,0,0,0,59328,0,0,0,ORANGECI,Retraite complementaire ORANGE
0,0,101003238,50,0,56350,56350,0,0,0,56350,0,0,0,ORANGECI,Retraite complementaire ORANGE
0,0,101003702,50,0,89040,89040,0,0,0,89040,0,0,0,ORANGECI,Retraite complementaire ORANGE
0,0,101003224,50,0,98812,98812,0,0,0,98812,0,0,0,ORANGECI,Retraite complementaire ORANGE
0,0,101003219,50,0,54158,54158,0,0,0,54158,0,0,0,ORANGECI,Retraite complementaire ORANGE
0,0,101003574,50,0,85154,85154,0,0,0,85154,0,0,0,ORANGECI,Retraite complementaire ORANGE
0,0,101003524,50,0,75082,75082,0,0,0,75082,0,0,0,ORANGECI,Retraite complementaire ORANGE
0,0,101003342,50,0,74322,74322,0,0,0,74324,0,0,0,ORANGECI,Retraite complementaire ORANGE
0,0,101003297,50,0,236526,236526,0,0,0,236526,0,0,0,ORANGECI,Retraite complementaire ORANGE
0,0,101003457,50,0,184000,125840,0,0,0,125840,0,0,0,ORANGECI,Retraite complementaire ORANGE
0,0,101003850,50,0,69846,69846,0,0,0,69846,0,0,0,ORANGECI,Retraite complementaire ORANGE
0,0,101000375,50,0,100608,100608,0,0,0,100608,0,0,0,ORANGECI,Retraite complementaire ORANGE
0,0,101003222,50,0,0,0,0,0,0,0,0,0,0,ORANGECI,Retraite complementaire ORANGE
0,0,101003328,50,0,98952,98952,0,0,0,98952,0,0,0,ORANGECI,Retraite complementaire ORANGE
0,0,101003723,50,0,95322,95322,0,0,0,95322,0,0,0,ORANGECI,Retraite complementaire ORANGE
0,0,101003221,50,0,154804,154804,0,0,0,154804,0,0,0,ORANGECI,Retraite complementaire ORANGE
0,0,101003140,50,0,80684,80684,0,0,0,80684,0,0,0,ORANGECI,Retraite complementaire ORANGE
0,0,101003459,50,0,53106,53106,0,0,0,53106,0,0,0,ORANGECI,Retraite complementaire ORANGE
0,0,101003590,50,0,0,0,0,0,0,0,0,0,0,ORANGECI,Retraite complementaire ORANGE
0,0,101003032,50,0,169094,169094,0,0,0,169094,0,0,0,ORANGECI,Retraite complementaire ORANGE
0,0,101003608,50,0,56158,56158,0,0,0,56158,0,0,0,ORANGECI,Retraite complementaire ORANGE
0,0,101003558,50,0,103668,103668,0,0,0,103668,0,0,0,ORANGECI,Retraite complementaire ORANGE
0,0,101003586,50,0,0,0,0,0,0,0,0,0,0,ORANGECI,Retraite complementaire ORANGE
0,0,101002988,50,0,56768,56768,0,0,0,56768,0,0,0,ORANGECI,Retraite complementaire ORANGE
0,0,101003594,50,0,90354,90354,0,0,0,90354,0,0,0,ORANGECI,Retraite complementaire ORANGE
0,0,101003772,50,0,74036,74036,0,0,0,74036,0,0,0,ORANGECI,Retraite complementaire ORANGE
0,0,101002190,50,0,61088,61088,0,0,0,61088,0,0,0,ORANGECI,Retraite complementaire ORANGE
0,0,101003412,50,0,0,0,0,0,0,0,0,0,0,ORANGECI,Retraite complementaire ORANGE
0,0,101003301,50,0,102880,102880,0,0,0,102880,0,0,0,ORANGECI,Retraite complementaire ORANGE
0,0,101003380,50,0,62240,62240,0,0,0,62240,0,0,0,ORANGECI,Retraite complementaire ORANGE
0,0,101003425,50,0,80200,80200,0,0,0,80200,0,0,0,ORANGECI,Retraite complementaire ORANGE
0,0,101003453,50,0,53422,53422,0,0,0,123422,0,0,0,ORANGECI,Retraite complementaire ORANGE
0,0,101003581,50,0,98240,98240,0,0,0,98240,0,0,0,ORANGECI,Retraite complementaire ORANGE
0,0,101003348,50,0,160346,160346,0,0,0,160346,0,0,0,ORANGECI,Retraite complementaire ORANGE
0,0,101003028,50,0,141276,141276,0,0,0,141276,0,0,0,ORANGECI,Retraite complementaire ORANGE
0,0,101003849,50,0,160000,160000,0,0,0,160000,0,0,0,ORANGECI,Retraite complementaire ORANGE
0,0,101003212,50,0,47376,47376,0,0,0,47376,0,0,0,ORANGECI,Retraite complementaire ORANGE
0,0,101003035,50,0,74384,74384,0,0,0,74384,0,0,0,ORANGECI,Retraite complementaire ORANGE
0,0,101002827,50,0,0,0,0,0,0,0,0,0,0,ORANGECI,Retraite complementaire ORANGE
0,0,101003707,50,0,72080,72080,0,0,0,72080,0,0,0,ORANGECI,Retraite complementaire ORANGE
0,0,101003857,50,0,72000,72000,0,0,0,72000,0,0,0,ORANGECI,Retraite complementaire ORANGE
0,0,101003868,50,0,72918,72918,0,0,0,72918,0,0,0,ORANGECI,Retraite complementaire ORANGE
0,0,101003815,50,0,37760,37760,0,0,0,37760,0,0,0,ORANGECI,Retraite complementaire ORANGE
0,0,101003731,50,0,120000,120000,0,0,0,120000,0,0,0,ORANGECI,Retraite complementaire ORANGE
0,0,101003727,50,0,53812,53812,0,0,0,53812,0,0,0,ORANGECI,Retraite complementaire ORANGE
0,0,101003520,50,0,0,0,0,0,0,0,0,0,0,ORANGECI,Retraite complementaire ORANGE
0,0,101003506,50,0,70166,70166,0,0,0,70166,0,0,0,ORANGECI,Retraite complementaire ORANGE
0,0,101003408,50,0,43406,43406,0,0,0,43406,0,0,0,ORANGECI,Retraite complementaire ORANGE
0,0,101003493,50,0,61878,61878,0,0,0,61878,0,0,0,ORANGECI,Retraite complementaire ORANGE
0,0,101003766,50,0,74116,74116,0,0,0,74116,0,0,0,ORANGECI,Retraite complementaire ORANGE
0,0,101003777,50,0,74116,74116,0,0,0,74116,0,0,0,ORANGECI,Retraite complementaire ORANGE
0,0,101003760,50,0,76320,76320,0,0,0,76320,0,0,0,ORANGECI,Retraite complementaire ORANGE
0,0,101003421,50,0,111290,111290,0,0,0,111290,0,0,0,ORANGECI,Retraite complementaire ORANGE
0,0,101003599,50,0,72000,72000,0,0,0,72000,0,0,0,ORANGECI,Retraite complementaire ORANGE
0,0,101002902,50,0,104770,104770,0,0,0,104770,0,0,0,ORANGECI,Retraite complementaire ORANGE
0,0,101003765,50,0,100448,100448,0,0,0,100448,0,0,0,ORANGECI,Retraite complementaire ORANGE
0,0,101003789,50,0,46390,46390,0,0,0,46390,0,0,0,ORANGECI,Retraite complementaire ORANGE
0,0,101003569,50,0,78378,78378,0,0,0,78378,0,0,0,ORANGECI,Retraite complementaire ORANGE
0,0,101003724,50,0,69904,69904,0,0,0,69904,0,0,0,ORANGECI,Retraite complementaire ORANGE
0,0,101003818,50,0,80640,80640,0,0,0,80640,0,0,0,ORANGECI,Retraite complementaire ORANGE
0,0,101003127,50,0,80902,80902,0,0,0,80902,0,0,0,ORANGECI,Retraite complementaire ORANGE
0,0,101003228,50,0,51502,51502,0,0,0,51502,0,0,0,ORANGECI,Retraite complementaire ORANGE
0,0,101003411,50,0,74200,74200,0,0,0,74200,0,0,0,ORANGECI,Retraite complementaire ORANGE
0,0,101003262,50,0,74282,74282,0,0,0,74282,0,0,0,ORANGECI,Retraite complementaire ORANGE
0,0,101003676,50,0,125520,125520,0,0,0,125520,0,0,0,ORANGECI,Retraite complementaire ORANGE
0,0,101003414,50,0,81548,81548,0,0,0,81548,0,0,0,ORANGECI,Retraite complementaire ORANGE
0,0,101003622,50,0,56222,56222,0,0,0,56222,0,0,0,ORANGECI,Retraite complementaire ORANGE
0,0,101003978,50,0,69846,69846,0,0,0,69846,0,0,0,ORANGECI,Retraite complementaire ORANGE
0,0,101003480,50,0,45896,45896,0,0,0,45896,0,0,0,ORANGECI,Retraite complementaire ORANGE
0,0,101003941,50,0,52384,52384,0,0,0,52384,0,0,0,ORANGECI,Retraite complementaire ORANGE
0,0,101003187,50,0,58198,58198,0,0,0,58198,0,0,0,ORANGECI,Retraite complementaire ORANGE
0,0,101003442,50,0,52034,52034,0,0,0,52034,0,0,0,ORANGECI,Retraite complementaire ORANGE
0,0,101003429,50,0,0,0,0,0,0,0,0,0,0,ORANGECI,Retraite complementaire ORANGE
0,0,101003691,50,0,92610,92610,0,0,0,92610,0,0,0,ORANGECI,Retraite complementaire ORANGE
0,0,101003972,50,0,51822,51822,0,0,0,51822,0,0,0,ORANGECI,Retraite complementaire ORANGE
0,0,101003512,50,0,100718,100718,0,0,0,100718,0,0,0,ORANGECI,Retraite complementaire ORANGE
0,0,101003131,50,0,69974,69974,0,0,0,69974,0,0,0,ORANGECI,Retraite complementaire ORANGE
0,0,101003878,50,0,69846,69846,0,0,0,69846,0,0,0,ORANGECI,Retraite complementaire ORANGE
0,0,101003507,50,0,50882,50882,0,0,0,50882,0,0,0,ORANGECI,Retraite complementaire ORANGE
0,0,101003423,50,0,62300,62300,0,0,0,62300,0,0,0,ORANGECI,Retraite complementaire ORANGE
0,0,101003735,50,0,45216,45216,0,0,0,45216,0,0,0,ORANGECI,Retraite complementaire ORANGE
0,0,101003552,50,0,0,0,0,0,0,0,0,0,0,ORANGECI,Retraite complementaire ORANGE
0,0,101003336,50,0,150736,150736,0,0,0,150736,0,0,0,ORANGECI,Retraite complementaire ORANGE
0,0,101001774,50,0,73040,73040,0,0,0,73040,0,0,0,ORANGECI,Retraite complementaire ORANGE
0,0,101003415,50,0,51822,51822,0,0,0,51822,0,0,0,ORANGECI,Retraite complementaire ORANGE
0,0,101003236,50,0,47564,47564,0,0,0,47564,0,0,0,ORANGECI,Retraite complementaire ORANGE
0,0,101002881,50,0,87226,87226,0,0,0,87226,0,0,0,ORANGECI,Retraite complementaire ORANGE
0,0,101003518,50,0,0,0,0,0,0,0,0,0,0,ORANGECI,Retraite complementaire ORANGE
0,0,101003376,50,0,51822,51822,0,0,0,51822,0,0,0,ORANGECI,Retraite complementaire ORANGE
0,0,101003753,50,0,56934,56934,0,0,0,56934,0,0,0,ORANGECI,Retraite complementaire ORANGE
0,0,101003231,50,0,0,0,0,0,0,0,0,0,0,ORANGECI,Retraite complementaire ORANGE
0,0,101003441,50,0,62418,62418,0,0,0,62418,0,0,0,ORANGECI,Retraite complementaire ORANGE
0,0,101001298,50,0,0,0,0,0,0,0,0,0,0,ORANGECI,Retraite complementaire ORANGE
0,0,101003232,50,0,73518,73518,0,0,0,73518,0,0,0,ORANGECI,Retraite complementaire ORANGE
0,0,101003077,50,0,66256,66256,0,0,0,66256,0,0,0,ORANGECI,Retraite complementaire ORANGE
0,0,101003317,50,0,82820,82820,0,0,0,82820,0,0,0,ORANGECI,Retraite complementaire ORANGE
0,0,101003704,50,0,76320,76320,0,0,0,76320,0,0,0,ORANGECI,Retraite complementaire ORANGE
0,0,101003037,50,0,0,0,0,0,0,0,0,0,0,ORANGECI,Retraite complementaire ORANGE
0,0,101003738,50,0,0,0,0,0,0,0,0,0,0,ORANGECI,Retraite complementaire ORANGE
0,0,101002092,50,0,0,0,0,0,0,0,0,0,0,ORANGECI,Retraite complementaire ORANGE
0,0,101002844,50,0,103768,103768,0,0,0,103768,0,0,0,ORANGECI,Retraite complementaire ORANGE
0,0,101003715,50,0,44226,44226,0,0,0,44226,0,0,0,ORANGECI,Retraite complementaire ORANGE
0,0,101003564,50,0,126000,126000,0,0,0,126000,0,0,0,ORANGECI,Retraite complementaire ORANGE
0,0,101003582,50,0,81224,81224,0,0,0,81224,0,0,0,ORANGECI,Retraite complementaire ORANGE
0,0,101003854,50,0,72000,72000,0,0,0,72000,0,0,0,ORANGECI,Retraite complementaire ORANGE
0,0,101003865,50,0,94210,94210,0,0,0,94210,0,0,0,ORANGECI,Retraite complementaire ORANGE
0,0,101003919,50,0,48432,48432,0,0,0,48432,0,0,0,ORANGECI,Retraite complementaire ORANGE
0,0,101003948,50,0,117834,117834,0,0,0,117834,0,0,0,ORANGECI,Retraite complementaire ORANGE
0,0,101003648,50,0,105518,105518,0,0,0,105518,0,0,0,ORANGECI,Retraite complementaire ORANGE
0,0,101003861,50,0,72000,72000,0,0,0,72000,0,0,0,ORANGECI,Retraite complementaire ORANGE
0,0,101003456,50,0,53106,53106,0,0,0,53106,0,0,0,ORANGECI,Retraite complementaire ORANGE
0,0,101003905,50,0,80000,80000,0,0,0,80000,0,0,0,ORANGECI,Retraite complementaire ORANGE
0,0,101003946,50,0,176000,176000,0,0,0,176000,0,0,0,ORANGECI,Retraite complementaire ORANGE
0,0,101003773,50,0,69846,69846,0,0,0,69846,0,0,0,ORANGECI,Retraite complementaire ORANGE
0,0,101003920,50,0,176000,176000,0,0,0,176000,0,0,0,ORANGECI,Retraite complementaire ORANGE
0,0,101003875,50,0,88000,88000,0,0,0,88000,0,0,0,ORANGECI,Retraite complementaire ORANGE
0,0,101003934,50,0,28902,28902,0,0,0,28902,0,0,0,ORANGECI,Retraite complementaire ORANGE
0,0,101003879,50,0,72000,72000,0,0,0,72000,0,0,0,ORANGECI,Retraite complementaire ORANGE
0,0,101003700,50,0,83840,83840,0,0,0,83840,0,0,0,ORANGECI,Retraite complementaire ORANGE
0,0,101003959,50,0,72000,72000,0,0,0,72000,0,0,0,ORANGECI,Retraite complementaire ORANGE
0,0,101003981,50,0,72000,72000,0,0,0,72000,0,0,0,ORANGECI,Retraite complementaire ORANGE
0,0,101003904,50,0,74036,74036,0,0,0,74036,0,0,0,ORANGECI,Retraite complementaire ORANGE
0,0,101003982,50,0,72000,72000,0,0,0,72000,0,0,0,ORANGECI,Retraite complementaire ORANGE
0,0,101003769,50,0,69864,69864,0,0,0,69864,0,0,0,ORANGECI,Retraite complementaire ORANGE
0,0,101002007,50,0,0,0,0,0,0,0,0,0,0,ORANGECI,Retraite complementaire ORANGE
0,0,101003858,50,0,60000,60000,0,0,0,60000,0,0,0,ORANGECI,Retraite complementaire ORANGE
0,0,101001558,50,0,0,0,0,0,0,0,0,0,0,ORANGECI,Retraite complementaire ORANGE
0,0,101002998,50,0,100718,100718,0,0,0,100718,0,0,0,ORANGECI,Retraite complementaire ORANGE
0,0,101003624,50,0,80880,80880,0,0,0,80880,0,0,0,ORANGECI,Retraite complementaire ORANGE
0,0,101002552,50,0,0,0,0,0,0,0,0,0,0,ORANGECI,Retraite complementaire ORANGE
0,0,101003455,50,0,55988,55988,0,0,0,55988,0,0,0,ORANGECI,Retraite complementaire ORANGE
0,0,101003969,50,0,78000,78000,0,0,0,78000,0,0,0,ORANGECI,Retraite complementaire ORANGE
0,0,101003476,50,0,55368,55368,0,0,0,55368,0,0,0,ORANGECI,Retraite complementaire ORANGE
0,0,101003944,50,0,184000,184000,0,0,0,184000,0,0,0,ORANGECI,Retraite complementaire ORANGE
0,0,101003926,50,0,72000,72000,0,0,0,72000,0,0,0,ORANGECI,Retraite complementaire ORANGE
0,0,101003793,50,0,69846,69846,0,0,0,69846,0,0,0,ORANGECI,Retraite complementaire ORANGE
0,0,101003426,50,0,89928,89928,0,0,0,89928,0,0,0,ORANGECI,Retraite complementaire ORANGE
0,0,101003291,50,0,0,0,0,0,0,0,0,0,0,ORANGECI,Retraite complementaire ORANGE
0,0,101003081,50,0,0,0,0,0,0,0,0,0,0,ORANGECI,Retraite complementaire ORANGE
0,0,101003725,50,0,69846,69846,0,0,0,69846,0,0,0,ORANGECI,Retraite complementaire ORANGE
0,0,101003737,50,0,96000,78240,0,0,0,78240,0,0,0,ORANGECI,Retraite complementaire ORANGE
0,0,101003334,50,0,206220,206220,0,0,0,206220,0,0,0,ORANGECI,Retraite complementaire ORANGE
0,0,101003587,50,0,32000,32000,0,0,0,32000,0,0,0,ORANGECI,Retraite complementaire ORANGE
0,0,101003535,50,0,53942,53942,0,0,0,53942,0,0,0,ORANGECI,Retraite complementaire ORANGE
0,0,101003787,50,0,44226,44226,0,0,0,44226,0,0,0,ORANGECI,Retraite complementaire ORANGE
0,0,101003896,50,0,69458,69458,0,0,0,69458,0,0,0,ORANGECI,Retraite complementaire ORANGE
0,0,101003209,50,0,57044,57044,0,0,0,57044,0,0,0,ORANGECI,Retraite complementaire ORANGE
0,0,101003844,50,0,104000,104000,0,0,0,104000,0,0,0,ORANGECI,Retraite complementaire ORANGE
0,0,101003846,50,0,88000,88000,0,0,0,88000,0,0,0,ORANGECI,Retraite complementaire ORANGE
0,0,101003762,50,0,304176,304176,0,0,0,304176,0,0,0,ORANGECI,Retraite complementaire ORANGE
0,0,101003914,50,0,96190,96190,0,0,0,96190,0,0,0,ORANGECI,Retraite complementaire ORANGE
0,0,101003659,50,0,80640,80640,0,0,0,80640,0,0,0,ORANGECI,Retraite complementaire ORANGE
0,0,101003907,50,0,0,0,0,0,0,0,0,0,0,ORANGECI,Retraite complementaire ORANGE
0,0,101003851,50,0,80000,80000,0,0,0,80000,0,0,0,ORANGECI,Retraite complementaire ORANGE
0,0,101000046,50,0,0,0,0,0,0,0,0,0,0,ORANGECI,Retraite complementaire ORANGE
0,0,101002939,50,0,248356,248356,0,0,0,248356,0,0,0,ORANGECI,Retraite complementaire ORANGE
0,0,101003047,50,0,97118,97118,0,0,0,97118,0,0,0,ORANGECI,Retraite complementaire ORANGE
0,0,101003354,50,0,276480,276480,0,0,0,276480,0,0,0,ORANGECI,Retraite complementaire ORANGE
0,0,101003389,50,0,95322,95322,0,0,0,95322,0,0,0,ORANGECI,Retraite complementaire ORANGE
0,0,101003639,50,0,79664,79664,0,0,0,79664,0,0,0,ORANGECI,Retraite complementaire ORANGE
0,0,101003764,50,0,74116,74116,0,0,0,74116,0,0,0,ORANGECI,Retraite complementaire ORANGE
0,0,101003805,50,0,51874,51874,0,0,0,51874,0,0,0,ORANGECI,Retraite complementaire ORANGE
0,0,101003785,50,0,51874,51874,0,0,0,51874,0,0,0,ORANGECI,Retraite complementaire ORANGE
0,0,101003379,50,0,52856,52856,0,0,0,52856,0,0,0,ORANGECI,Retraite complementaire ORANGE
0,0,101003663,50,0,97082,97082,0,0,0,97082,0,0,0,ORANGECI,Retraite complementaire ORANGE
0,0,101003578,50,0,0,0,0,0,0,0,0,0,0,ORANGECI,Retraite complementaire ORANGE
0,0,101003876,50,0,80000,80000,0,0,0,80000,0,0,0,ORANGECI,Retraite complementaire ORANGE
0,0,101003778,50,0,74116,74116,0,0,0,74116,0,0,0,ORANGECI,Retraite complementaire ORANGE
0,0,101003909,50,0,104000,104000,0,0,0,104000,0,0,0,ORANGECI,Retraite complementaire ORANGE
0,0,101003298,50,0,0,0,0,0,0,0,0,0,0,ORANGECI,Retraite complementaire ORANGE
0,0,101003988,50,0,72000,72000,0,0,0,72000,0,0,0,ORANGECI,Retraite complementaire ORANGE
0,0,101003782,50,0,95400,95400,0,0,0,95400,0,0,0,ORANGECI,Retraite complementaire ORANGE
0,0,101002749,50,0,123380,123380,0,0,0,123380,0,0,0,ORANGECI,Retraite complementaire ORANGE
0,0,101003842,50,0,88000,88000,0,0,0,88000,0,0,0,ORANGECI,Retraite complementaire ORANGE
0,0,101003852,50,0,36324,36324,0,0,0,36324,0,0,0,ORANGECI,Retraite complementaire ORANGE
0,0,101003774,50,0,69846,69846,0,0,0,69846,0,0,0,ORANGECI,Retraite complementaire ORANGE
0,0,101003770,50,0,74116,74116,0,0,0,74116,0,0,0,ORANGECI,Retraite complementaire ORANGE
0,0,101003641,50,0,103322,103322,0,0,0,103322,0,0,0,ORANGECI,Retraite complementaire ORANGE
0,0,101003937,50,0,30582,30582,0,0,0,30582,0,0,0,ORANGECI,Retraite complementaire ORANGE
0,0,101003680,50,0,209012,209012,0,0,0,209012,0,0,0,ORANGECI,Retraite complementaire ORANGE
0,0,101003986,50,0,48432,48432,0,0,0,48432,0,0,0,ORANGECI,Retraite complementaire ORANGE
0,0,101003780,50,0,53474,53474,0,0,0,53474,0,0,0,ORANGECI,Retraite complementaire ORANGE
0,0,101003714,50,0,40776,40776,0,0,0,40776,0,0,0,ORANGECI,Retraite complementaire ORANGE
0,0,101002602,50,0,0,0,0,0,0,0,0,0,0,ORANGECI,Retraite complementaire ORANGE
0,0,101003390,50,0,54002,54002,0,0,0,54002,0,0,0,ORANGECI,Retraite complementaire ORANGE
0,0,101003824,50,0,99040,99040,0,0,0,99040,0,0,0,ORANGECI,Retraite complementaire ORANGE
0,0,101000906,50,0,0,0,0,0,0,0,0,0,0,ORANGECI,Retraite complementaire ORANGE
0,0,101003823,50,0,116176,116176,0,0,0,116176,0,0,0,ORANGECI,Retraite complementaire ORANGE
0,0,101003482,50,0,155666,155666,0,0,0,155666,0,0,0,ORANGECI,Retraite complementaire ORANGE
0,0,101003980,50,0,48432,48432,0,0,0,48432,0,0,0,ORANGECI,Retraite complementaire ORANGE
0,0,101003903,50,0,67658,67658,0,0,0,67658,0,0,0,ORANGECI,Retraite complementaire ORANGE
0,0,101003104,50,0,0,0,0,0,0,0,0,0,0,ORANGECI,Retraite complementaire ORANGE
0,0,101003293,50,0,126746,126746,0,0,0,126746,0,0,0,ORANGECI,Retraite complementaire ORANGE
0,0,101003150,50,0,144000,96534,0,0,0,96534,0,0,0,ORANGECI,Retraite complementaire ORANGE
0,0,101003175,50,0,67280,67280,0,0,0,67280,0,0,0,ORANGECI,Retraite complementaire ORANGE
0,0,101003223,50,0,86774,86774,0,0,0,86774,0,0,0,ORANGECI,Retraite complementaire ORANGE
0,0,101001207,50,0,0,0,0,0,0,0,0,0,0,ORANGECI,Retraite complementaire ORANGE
0,0,101003229,50,0,54004,54004,0,0,0,54004,0,0,0,ORANGECI,Retraite complementaire ORANGE
0,0,101003034,50,0,168890,168890,0,0,0,168890,0,0,0,ORANGECI,Retraite complementaire ORANGE
0,0,101003855,50,0,36324,36324,0,0,0,36324,0,0,0,ORANGECI,Retraite complementaire ORANGE
0,0,101003763,50,0,88306,88306,0,0,0,88306,0,0,0,ORANGECI,Retraite complementaire ORANGE
0,0,101002125,50,0,0,0,0,0,0,0,0,0,0,ORANGECI,Retraite complementaire ORANGE
0,0,101003985,50,0,74116,74116,0,0,0,74116,0,0,0,ORANGECI,Retraite complementaire ORANGE
0,0,101003252,50,0,142960,142960,0,0,0,142960,0,0,0,ORANGECI,Retraite complementaire ORANGE
0,0,101003400,50,0,0,0,0,0,0,0,0,0,0,ORANGECI,Retraite complementaire ORANGE
0,0,101003142,50,0,64226,64226,0,0,0,64226,0,0,0,ORANGECI,Retraite complementaire ORANGE
0,0,101003568,50,0,65656,65656,0,0,0,65656,0,0,0,ORANGECI,Retraite complementaire ORANGE
0,0,101000364,50,0,0,0,0,0,0,0,0,0,0,ORANGECI,Retraite complementaire ORANGE
0,0,101003947,50,0,55526,55526,0,0,0,55526,0,0,0,ORANGECI,Retraite complementaire ORANGE
0,0,101003186,50,0,53876,53876,0,0,0,53876,0,0,0,ORANGECI,Retraite complementaire ORANGE
0,0,101003779,50,0,51874,51874,0,0,0,51874,0,0,0,ORANGECI,Retraite complementaire ORANGE
0,0,101003611,50,0,124324,124324,0,0,0,124324,0,0,0,ORANGECI,Retraite complementaire ORANGE
0,0,101003791,50,0,44252,44252,0,0,0,44252,0,0,0,ORANGECI,Retraite complementaire ORANGE
0,0,101003237,50,0,0,0,0,0,0,0,0,0,0,ORANGECI,Retraite complementaire ORANGE
0,0,101003199,50,0,60612,60612,0,0,0,60612,0,0,0,ORANGECI,Retraite complementaire ORANGE
0,0,101003651,50,0,62186,62186,0,0,0,62186,0,0,0,ORANGECI,Retraite complementaire ORANGE
0,0,101003807,50,0,40800,40800,0,0,0,40800,0,0,0,ORANGECI,Retraite complementaire ORANGE
0,0,101003452,50,0,0,0,0,0,0,0,0,0,0,ORANGECI,Retraite complementaire ORANGE
0,0,101003445,50,0,62398,62398,0,0,0,62398,0,0,0,ORANGECI,Retraite complementaire ORANGE
0,0,101003541,50,0,98150,98150,0,0,0,98150,0,0,0,ORANGECI,Retraite complementaire ORANGE
0,0,101003560,50,0,77256,77256,0,0,0,77256,0,0,0,ORANGECI,Retraite complementaire ORANGE
0,0,101002936,50,0,0,0,0,0,0,0,0,0,0,ORANGECI,Retraite complementaire ORANGE
0,0,101003358,50,0,62398,62398,0,0,0,62398,0,0,0,ORANGECI,Retraite complementaire ORANGE
0,0,101003481,50,0,51822,51822,0,0,0,51822,0,0,0,ORANGECI,Retraite complementaire ORANGE
0,0,101003498,50,0,76222,76222,0,0,0,76222,0,0,0,ORANGECI,Retraite complementaire ORANGE
0,0,101003644,50,0,74036,74036,0,0,0,74036,0,0,0,ORANGECI,Retraite complementaire ORANGE
0,0,101002119,50,0,155492,155492,0,0,0,155492,0,0,0,ORANGECI,Retraite complementaire ORANGE
0,0,101003374,50,0,52398,52398,0,0,0,52398,0,0,0,ORANGECI,Retraite complementaire ORANGE
0,0,101003795,50,0,0,0,0,0,0,0,0,0,0,ORANGECI,Retraite complementaire ORANGE
0,0,101003749,50,0,111936,111936,0,0,0,111936,0,0,0,ORANGECI,Retraite complementaire ORANGE
0,0,101003643,50,0,69846,69846,0,0,0,69846,0,0,0,ORANGECI,Retraite complementaire ORANGE
0,0,101003677,50,0,98122,98122,0,0,0,98122,0,0,0,ORANGECI,Retraite complementaire ORANGE
0,0,101003936,50,0,40776,40776,0,0,0,40776,0,0,0,ORANGECI,Retraite complementaire ORANGE
0,0,101003792,50,0,46416,46416,0,0,0,46416,0,0,0,ORANGECI,Retraite complementaire ORANGE
0,0,101003620,50,0,85474,85474,0,0,0,85474,0,0,0,ORANGECI,Retraite complementaire ORANGE
0,0,101003862,50,0,211736,211736,0,0,0,211736,0,0,0,ORANGECI,Retraite complementaire ORANGE
0,0,101003437,50,0,0,0,0,0,0,0,0,0,0,ORANGECI,Retraite complementaire ORANGE
0,0,101003617,50,0,48346,48346,0,0,0,48346,0,0,0,ORANGECI,Retraite complementaire ORANGE
0,0,101003752,50,0,83964,83964,0,0,0,83964,0,0,0,ORANGECI,Retraite complementaire ORANGE
0,0,101003729,50,0,234322,234322,0,0,0,234322,0,0,0,ORANGECI,Retraite complementaire ORANGE
0,0,101003145,50,0,157138,157138,0,0,0,157138,0,0,0,ORANGECI,Retraite complementaire ORANGE
0,0,101003432,50,0,80246,80246,0,0,0,80246,0,0,0,ORANGECI,Retraite complementaire ORANGE
0,0,101003504,50,0,87352,87352,0,0,0,87352,0,0,0,ORANGECI,Retraite complementaire ORANGE
0,0,101003726,50,0,0,0,0,0,0,0,0,0,0,ORANGECI,Retraite complementaire ORANGE
0,0,101003668,50,0,62186,62186,0,0,0,62186,0,0,0,ORANGECI,Retraite complementaire ORANGE
0,0,101003768,50,0,78310,78310,0,0,0,78310,0,0,0,ORANGECI,Retraite complementaire ORANGE
0,0,101003761,50,0,76320,76320,0,0,0,76320,0,0,0,ORANGECI,Retraite complementaire ORANGE
0,0,101003740,50,0,43852,43852,0,0,0,43852,0,0,0,ORANGECI,Retraite complementaire ORANGE
0,0,101003703,50,0,96000,96000,0,0,0,96000,0,0,0,ORANGECI,Retraite complementaire ORANGE
0,0,101003658,50,0,83520,83520,0,0,0,83520,0,0,0,ORANGECI,Retraite complementaire ORANGE
0,0,101003845,50,0,50720,50720,0,0,0,50720,0,0,0,ORANGECI,Retraite complementaire ORANGE
0,0,101001049,50,0,0,0,0,0,0,0,0,0,0,ORANGECI,Retraite complementaire ORANGE
0,0,101000542,50,0,0,0,0,0,0,0,0,0,0,ORANGECI,Retraite complementaire ORANGE
0,0,101003588,50,0,53774,53774,0,0,0,53774,0,0,0,ORANGECI,Retraite complementaire ORANGE
0,0,101002996,50,0,37922,37922,0,0,0,37922,0,0,0,ORANGECI,Retraite complementaire ORANGE
0,0,101003515,50,0,93946,93946,0,0,0,93946,0,0,0,ORANGECI,Retraite complementaire ORANGE
0,0,101003545,50,0,128000,128000,0,0,0,128000,0,0,0,ORANGECI,Retraite complementaire ORANGE
0,0,101003847,50,0,176000,176000,0,0,0,176000,0,0,0,ORANGECI,Retraite complementaire ORANGE
0,0,101003158,50,0,54408,54408,0,0,0,54408,0,0,0,ORANGECI,Retraite complementaire ORANGE
0,0,101003331,50,0,0,0,0,0,0,0,0,0,0,ORANGECI,Retraite complementaire ORANGE
0,0,101001763,50,0,0,0,0,0,0,0,0,0,0,ORANGECI,Retraite complementaire ORANGE
0,0,101003614,50,0,0,0,0,0,0,0,0,0,0,ORANGECI,Retraite complementaire ORANGE
0,0,101003797,50,0,69846,69846,0,0,0,69846,0,0,0,ORANGECI,Retraite complementaire ORANGE
0,0,101000091,50,0,0,0,0,0,0,0,0,0,0,ORANGECI,Retraite complementaire ORANGE
0,0,101001392,50,0,0,0,0,0,0,0,0,0,0,ORANGECI,Retraite complementaire ORANGE
0,0,101003260,50,0,117020,117020,0,0,0,117020,0,0,0,ORANGECI,Retraite complementaire ORANGE
0,0,101003450,50,0,48432,48432,0,0,0,48432,0,0,0,ORANGECI,Retraite complementaire ORANGE
0,0,101003488,50,0,58094,58094,0,0,0,58094,0,0,0,ORANGECI,Retraite complementaire ORANGE
0,0,101003370,50,0,74262,74262,0,0,0,74262,0,0,0,ORANGECI,Retraite complementaire ORANGE
0,0,101003591,50,0,0,0,0,0,0,0,0,0,0,ORANGECI,Retraite complementaire ORANGE
0,0,101002713,50,0,0,0,0,0,0,0,0,0,0,ORANGECI,Retraite complementaire ORANGE
0,0,101003783,50,0,72160,72160,0,0,0,72160,0,0,0,ORANGECI,Retraite complementaire ORANGE
0,0,101003470,50,0,34314,34314,0,0,0,34314,0,0,0,ORANGECI,Retraite complementaire ORANGE
0,0,101003649,50,0,95322,95322,0,0,0,95322,0,0,0,ORANGECI,Retraite complementaire ORANGE
0,0,101003863,50,0,74036,74036,0,0,0,74036,0,0,0,ORANGECI,Retraite complementaire ORANGE
0,0,101003523,50,0,75992,75992,0,0,0,75992,0,0,0,ORANGECI,Retraite complementaire ORANGE
0,0,101003809,50,0,75716,75716,0,0,0,75716,0,0,0,ORANGECI,Retraite complementaire ORANGE
0,0,101003281,50,0,161842,161842,0,0,0,161842,0,0,0,ORANGECI,Retraite complementaire ORANGE
0,0,101003129,50,0,236000,236000,0,0,0,236000,0,0,0,ORANGECI,Retraite complementaire ORANGE
0,0,101002793,50,0,189600,189600,0,0,0,189600,0,0,0,ORANGECI,Retraite complementaire ORANGE
0,0,101003483,50,0,72298,72298,0,0,0,72298,0,0,0,ORANGECI,Retraite complementaire ORANGE
0,0,101003604,50,0,48350,48350,0,0,0,48350,0,0,0,ORANGECI,Retraite complementaire ORANGE
0,0,101003757,50,0,76320,76320,0,0,0,76320,0,0,0,ORANGECI,Retraite complementaire ORANGE
0,0,101003538,50,0,0,0,0,0,0,0,0,0,0,ORANGECI,Retraite complementaire ORANGE
0,0,101003873,50,0,48432,48432,0,0,0,48432,0,0,0,ORANGECI,Retraite complementaire ORANGE
0,0,101002969,50,0,60208,60208,0,0,0,60208,0,0,0,ORANGECI,Retraite complementaire ORANGE
0,0,101002882,50,0,0,0,0,0,0,0,0,0,0,ORANGECI,Retraite complementaire ORANGE
0,0,101003595,50,0,112130,112130,0,0,0,112130,0,0,0,ORANGECI,Retraite complementaire ORANGE
0,0,101003736,50,0,51874,38906,0,0,0,38906,0,0,0,ORANGECI,Retraite complementaire ORANGE
0,0,101003626,50,0,136000,136000,0,0,0,136000,0,0,0,ORANGECI,Retraite complementaire ORANGE
0,0,101000950,50,0,136002,136002,0,0,0,136002,0,0,0,ORANGECI,Retraite complementaire ORANGE
0,0,101003275,50,0,0,0,0,0,0,0,0,0,0,ORANGECI,Retraite complementaire ORANGE
0,0,101003110,50,0,69468,69468,0,0,0,69468,0,0,0,ORANGECI,Retraite complementaire ORANGE
0,0,101003189,50,0,47222,47222,0,0,0,47222,0,0,0,ORANGECI,Retraite complementaire ORANGE
0,0,101003164,50,0,57236,57236,0,0,0,57236,0,0,0,ORANGECI,Retraite complementaire ORANGE
0,0,101003194,50,0,0,0,0,0,0,0,0,0,0,ORANGECI,Retraite complementaire ORANGE
0,0,101003290,50,0,98060,98060,0,0,0,98060,0,0,0,ORANGECI,Retraite complementaire ORANGE
0,0,101002805,50,0,0,0,0,0,0,0,0,0,0,ORANGECI,Retraite complementaire ORANGE
0,0,101003256,50,0,52116,52116,0,0,0,52116,0,0,0,ORANGECI,Retraite complementaire ORANGE
0,0,101003900,50,0,72000,72000,0,0,0,72000,0,0,0,ORANGECI,Retraite complementaire ORANGE
0,0,101003719,50,0,246000,246000,0,0,0,246000,0,0,0,ORANGECI,Retraite complementaire ORANGE
0,0,101003046,50,0,49086,49086,0,0,0,49086,0,0,0,ORANGECI,Retraite complementaire ORANGE
0,0,101003225,50,0,0,66226,0,0,0,0,0,0,0,ORANGECI,Retraite complementaire ORANGE
0,0,101003942,50,0,221948,221948,0,0,0,221948,0,0,0,ORANGECI,Retraite complementaire ORANGE
0,0,101003870,50,0,48432,48432,0,0,0,48432,0,0,0,ORANGECI,Retraite complementaire ORANGE
0,0,101003940,50,0,108000,108000,0,0,0,108000,0,0,0,ORANGECI,Retraite complementaire ORANGE
0,0,101003200,50,0,79474,79474,0,0,0,79474,0,0,0,ORANGECI,Retraite complementaire ORANGE
0,0,101003398,50,0,74174,74174,0,0,0,74174,0,0,0,ORANGECI,Retraite complementaire ORANGE
0,0,101003806,50,0,83840,83840,0,0,0,83840,0,0,0,ORANGECI,Retraite complementaire ORANGE
0,0,101003827,50,0,81324,81324,0,0,0,81324,0,0,0,ORANGECI,Retraite complementaire ORANGE
0,0,101003923,50,0,136000,136000,0,0,0,136000,0,0,0,ORANGECI,Retraite complementaire ORANGE
0,0,101003917,50,0,160000,160000,0,0,0,160000,0,0,0,ORANGECI,Retraite complementaire ORANGE
0,0,101003751,50,0,0,0,0,0,0,0,0,0,0,ORANGECI,Retraite complementaire ORANGE
0,0,101003454,50,0,54158,54158,0,0,0,54158,0,0,0,ORANGECI,Retraite complementaire ORANGE
0,0,101001518,50,0,78184,78184,0,0,0,78184,0,0,0,ORANGECI,Retraite complementaire ORANGE
0,0,101003741,50,0,45520,45520,0,0,0,45520,0,0,0,ORANGECI,Retraite complementaire ORANGE
0,0,101003628,50,0,0,0,0,0,0,0,0,0,0,ORANGECI,Retraite complementaire ORANGE
0,0,101000929,50,0,0,0,0,0,0,0,0,0,0,ORANGECI,Retraite complementaire ORANGE
0,0,101003837,50,0,51874,51874,0,0,0,51874,0,0,0,ORANGECI,Retraite complementaire ORANGE
0,0,101002908,50,0,76916,76916,0,0,0,76916,0,0,0,ORANGECI,Retraite complementaire ORANGE
0,0,101002027,50,0,0,0,0,0,0,0,0,0,0,ORANGECI,Retraite complementaire ORANGE
0,0,101003654,50,0,83840,83840,0,0,0,83840,0,0,0,ORANGECI,Retraite complementaire ORANGE
0,0,101003031,50,0,176202,176202,0,0,0,176202,0,0,0,ORANGECI,Retraite complementaire ORANGE
0,0,101003385,50,0,52272,52272,0,0,0,52272,0,0,0,ORANGECI,Retraite complementaire ORANGE
0,0,101003929,50,0,124058,124058,0,0,0,124058,0,0,0,ORANGECI,Retraite complementaire ORANGE
0,0,101003185,50,0,56974,56974,0,0,0,56974,0,0,0,ORANGECI,Retraite complementaire ORANGE
0,0,101003949,50,0,48432,48432,0,0,0,48432,0,0,0,ORANGECI,Retraite complementaire ORANGE
0,0,101003315,50,0,89928,89928,0,0,0,89928,0,0,0,ORANGECI,Retraite complementaire ORANGE
0,0,101002513,50,0,262844,262844,0,0,0,262844,0,0,0,ORANGECI,Retraite complementaire ORANGE
0,0,101003957,50,0,72000,72000,0,0,0,72000,0,0,0,ORANGECI,Retraite complementaire ORANGE
0,0,101003495,50,0,89928,89928,0,0,0,89928,0,0,0,ORANGECI,Retraite complementaire ORANGE
0,0,101003901,50,0,66000,66000,0,0,0,66000,0,0,0,ORANGECI,Retraite complementaire ORANGE
0,0,101003217,50,0,79254,79254,0,0,0,79254,0,0,0,ORANGECI,Retraite complementaire ORANGE
0,0,101002930,50,0,83328,83328,0,0,0,83328,0,0,0,ORANGECI,Retraite complementaire ORANGE
0,0,101002852,50,0,251104,251104,0,0,0,251104,0,0,0,ORANGECI,Retraite complementaire ORANGE
0,0,101003435,50,0,86822,86822,0,0,0,86822,0,0,0,ORANGECI,Retraite complementaire ORANGE
0,0,101002884,50,0,106600,106600,0,0,0,106600,0,0,0,ORANGECI,Retraite complementaire ORANGE
0,0,101003954,50,0,62186,62186,0,0,0,62186,0,0,0,ORANGECI,Retraite complementaire ORANGE
0,0,101003810,50,0,169600,169600,0,0,0,169600,0,0,0,ORANGECI,Retraite complementaire ORANGE
0,0,101003864,50,0,74116,74116,0,0,0,74116,0,0,0,ORANGECI,Retraite complementaire ORANGE
0,0,101003625,50,0,41976,41976,0,0,0,41976,0,0,0,ORANGECI,Retraite complementaire ORANGE
0,0,101001293,50,0,0,0,0,0,0,0,0,0,0,ORANGECI,Retraite complementaire ORANGE
0,0,101003987,50,0,48432,48432,0,0,0,48432,0,0,0,ORANGECI,Retraite complementaire ORANGE
0,0,101003534,50,0,164130,164130,0,0,0,164130,0,0,0,ORANGECI,Retraite complementaire ORANGE
0,0,101003406,50,0,112054,112054,0,0,0,112054,0,0,0,ORANGECI,Retraite complementaire ORANGE
0,0,101001696,50,0,0,0,0,0,0,0,0,0,0,ORANGECI,Retraite complementaire ORANGE
0,0,101002819,50,0,53076,53076,0,0,0,53076,0,0,0,ORANGECI,Retraite complementaire ORANGE
0,0,101002138,50,0,76226,76226,0,0,0,76226,0,0,0,ORANGECI,Retraite complementaire ORANGE
0,0,101001376,50,0,0,0,0,0,0,0,0,0,0,ORANGECI,Retraite complementaire ORANGE
0,0,101002677,50,0,0,0,0,0,0,0,0,0,0,ORANGECI,Retraite complementaire ORANGE
0,0,101002901,50,0,369600,369600,0,0,0,369600,0,0,0,ORANGECI,Retraite complementaire ORANGE
0,0,101003410,50,0,56000,56000,0,0,0,56000,0,0,0,ORANGECI,Retraite complementaire ORANGE
0,0,101003848,50,0,37710,37710,0,0,0,37710,0,0,0,ORANGECI,Retraite complementaire ORANGE
0,0,101000590,50,0,0,0,0,0,0,0,0,0,0,ORANGECI,Retraite complementaire ORANGE
0,0,101000469,50,0,0,0,0,0,0,0,0,0,0,ORANGECI,Retraite complementaire ORANGE
0,0,101001809,50,0,0,0,0,0,0,0,0,0,0,ORANGECI,Retraite complementaire ORANGE
0,0,101001668,50,0,0,0,0,0,0,0,0,0,0,ORANGECI,Retraite complementaire ORANGE
0,0,101000066,50,0,0,0,0,0,0,0,0,0,0,ORANGECI,Retraite complementaire ORANGE
0,0,101000324,50,0,0,0,0,0,0,0,0,0,0,ORANGECI,Retraite complementaire ORANGE
0,0,101001334,50,0,123668,123668,0,0,0,123668,0,0,0,ORANGECI,Retraite complementaire ORANGE
0,0,101000476,50,0,0,0,0,0,0,0,0,0,0,ORANGECI,Retraite complementaire ORANGE
0,0,101000056,50,0,0,0,0,0,0,0,0,0,0,ORANGECI,Retraite complementaire ORANGE
0,0,101000325,50,0,0,0,0,0,0,0,0,0,0,ORANGECI,Retraite complementaire ORANGE
0,0,101002778,50,0,127330,127330,0,0,0,127330,0,0,0,ORANGECI,Retraite complementaire ORANGE
0,0,101001815,50,0,0,0,0,0,0,0,0,0,0,ORANGECI,Retraite complementaire ORANGE
0,0,101002865,50,0,113702,113702,0,0,0,113702,0,0,0,ORANGECI,Retraite complementaire ORANGE
0,0,101003171,50,0,100000,82646,0,0,0,82646,0,0,0,ORANGECI,Retraite complementaire ORANGE
0,0,101003122,50,0,0,0,0,0,0,0,0,0,0,ORANGECI,Retraite complementaire ORANGE
0,0,101002911,50,0,60834,60834,0,0,0,60834,0,0,0,ORANGECI,Retraite complementaire ORANGE
0,0,101003182,50,0,52414,52414,0,0,0,52414,0,0,0,ORANGECI,Retraite complementaire ORANGE
0,0,101003153,50,0,222000,222000,0,0,0,222000,0,0,0,ORANGECI,Retraite complementaire ORANGE
0,0,101001181,50,0,92080,92080,0,0,0,92080,0,0,0,ORANGECI,Retraite complementaire ORANGE
0,0,101003638,50,0,71492,71492,0,0,0,71492,0,0,0,ORANGECI,Retraite complementaire ORANGE
0,0,101003755,50,0,89116,89116,0,0,0,89116,0,0,0,ORANGECI,Retraite complementaire ORANGE
0,0,101003554,50,0,71492,71492,0,0,0,71492,0,0,0,ORANGECI,Retraite complementaire ORANGE
0,0,101003349,50,0,74240,74240,0,0,0,74240,0,0,0,ORANGECI,Retraite complementaire ORANGE
0,0,101003112,50,0,41950,41950,0,0,0,41950,0,0,0,ORANGECI,Retraite complementaire ORANGE
0,0,101003233,50,0,54158,54158,0,0,0,54158,0,0,0,ORANGECI,Retraite complementaire ORANGE
0,0,101003424,50,0,44936,44936,0,0,0,44936,0,0,0,ORANGECI,Retraite complementaire ORANGE
0,0,101003899,50,0,72000,72000,0,0,0,72000,0,0,0,ORANGECI,Retraite complementaire ORANGE
0,0,101003679,50,0,0,0,0,0,0,0,0,0,0,ORANGECI,Retraite complementaire ORANGE
0,0,101003933,50,0,44790,44790,0,0,0,44790,0,0,0,ORANGECI,Retraite complementaire ORANGE
0,0,101003655,50,0,51822,51822,0,0,0,51822,0,0,0,ORANGECI,Retraite complementaire ORANGE
0,0,101003722,50,0,50720,50720,0,0,0,50720,0,0,0,ORANGECI,Retraite complementaire ORANGE
0,0,101003422,50,0,174408,174408,0,0,0,174408,0,0,0,ORANGECI,Retraite complementaire ORANGE
0,0,101002706,50,0,0,0,0,0,0,0,0,0,0,ORANGECI,Retraite complementaire ORANGE
0,0,101003831,50,0,306880,306880,0,0,0,306880,0,0,0,ORANGECI,Retraite complementaire ORANGE
0,0,101001137,50,0,0,0,0,0,0,0,0,0,0,ORANGECI,Retraite complementaire ORANGE
0,0,101003064,50,0,95364,95364,0,0,0,95364,0,0,0,ORANGECI,Retraite complementaire ORANGE
0,0,101002354,50,0,0,0,0,0,0,0,0,0,0,ORANGECI,Retraite complementaire ORANGE
0,0,101003964,50,0,52384,52384,0,0,0,52384,0,0,0,ORANGECI,Retraite complementaire ORANGE
0,0,101003051,50,0,137712,137712,0,0,0,137712,0,0,0,ORANGECI,Retraite complementaire ORANGE
0,0,101003198,50,0,55694,55694,0,0,0,55694,0,0,0,ORANGECI,Retraite complementaire ORANGE
0,0,101003683,50,0,51874,51874,0,0,0,51874,0,0,0,ORANGECI,Retraite complementaire ORANGE
0,0,101003326,50,0,74240,74240,0,0,0,74240,0,0,0,ORANGECI,Retraite complementaire ORANGE
0,0,101003343,50,0,89444,89444,0,0,0,89444,0,0,0,ORANGECI,Retraite complementaire ORANGE
0,0,101003276,50,0,208000,208000,0,0,0,208000,0,0,0,ORANGECI,Retraite complementaire ORANGE
0,0,101003601,50,0,74118,74118,0,0,0,74118,0,0,0,ORANGECI,Retraite complementaire ORANGE
0,0,101003510,50,0,163520,163520,0,0,0,163520,0,0,0,ORANGECI,Retraite complementaire ORANGE
0,0,101003921,50,0,72000,72000,0,0,0,72000,0,0,0,ORANGECI,Retraite complementaire ORANGE
0,0,101001066,50,0,0,0,0,0,0,0,0,0,0,ORANGECI,Retraite complementaire ORANGE
0,0,101003308,50,0,70980,70980,0,0,0,70980,0,0,0,ORANGECI,Retraite complementaire ORANGE
0,0,101003086,50,0,234560,234560,0,0,0,234560,0,0,0,ORANGECI,Retraite complementaire ORANGE
0,0,101003743,50,0,0,0,0,0,0,0,0,0,0,ORANGECI,Retraite complementaire ORANGE
0,0,101003533,50,0,0,0,0,0,0,0,0,0,0,ORANGECI,Retraite complementaire ORANGE
0,0,101003378,50,0,74262,74262,0,0,0,74262,0,0,0,ORANGECI,Retraite complementaire ORANGE
0,0,101003829,50,0,261148,261148,0,0,0,261148,0,0,0,ORANGECI,Retraite complementaire ORANGE
